-- Insert data into departments table
INSERT INTO "departments" (department_id, name, description, director_id)
VALUES
    (1, 'CEO', 'Chief Executive Office', NULL),
    (2, 'Sales', 'Handles all sales and customer acquisition activities', NULL),
    (3, 'Solutioning', 'Responsible for creating tailored solutions for clients', NULL),
    (4, 'Engineering', 'Handles product development and software engineering', NULL),
    (5, 'HR', 'Manages employee relations and recruitment', NULL),
    (6, 'Finance', 'Oversees financial planning and accounting', NULL),
    (7, 'Consultancy', 'Advises clients and helps them achieve business goals', NULL),
    (8, 'IT', 'Manages technology infrastructure and support', NULL)
ON CONFLICT (department_id) DO NOTHING;  -- Adjust this as necessary for your uniqueness criteria

-- Insert teams for the respective departments (if they don't already exist)
INSERT INTO "teams" (team_id, name, description, manager_id, department_id, parent_team_id)
VALUES
    (1, 'Executives', 'Team for the executive leadership including the CEO.', NULL, 1, NULL),
    (2, 'Consultants - Ernst Sim''s Team', 'Team that advises clients on business strategies.', NULL, 7, 1),
    (3, 'Engineers - Philip Lee''s Team', 'Team responsible for product development and software engineering.', NULL, 4, 1),
    (4, 'Finance Managers - David Yap''s Team', 'Team that oversees financial planning and accounting.', NULL, 6, 1),
    (5, 'Finance Executives - Seng Kesavan''s Team', 'Team that handles day-to-day financial operations.', NULL, 6, 4),
    (6, 'Finance Executives - Narong Pillai''s Team', 'Team that handles day-to-day financial sales.', NULL, 6, 4),
    (7, 'Finance Executives - Ji Truong''s Team', 'Team that handles day-to-day financial trading.', NULL, 6,4),
    (8, 'Finance Executives - Chandra Kong''s Team', 'Team that handles all company assets.', NULL, 6,4),
    (9, 'Finance Executives - Rithy Luong''s Team', 'Team that handles manages company cashflow and balance sheet.', NULL, 6,4),
    (10, 'HR Team - Sally Loh''s Team', 'Team that manages employee relations and recruitment.', NULL, 5,1),
    (11, 'IT Team- Peter Yap''s Team', 'Team that manages technology infrastructure and support.', NULL, 8,1),
    (12, 'Sales Managers - Derek Tan''s Team', 'Team that manages sales and customer acquisition activities.', NULL,2, 1),
    (13, 'Account Managers - Jaclyn Lee''s Team', 'Team that manages all the <$5k accounts for the company.', NULL, 2,12),
    (14, 'Account Managers - Sophia Toh''s Team', 'Team that manages all the <$10k accounts for the company.', NULL, 2,12),
    (15, 'Account Managers - Siti Abdullah''s Team', 'Team that manages all the <$20k accounts for the company.', NULL, 2,12),
    (16, 'Account Managers - Rahim Khalid''s Team', 'Team that manages all the <$30k accounts for the company.', NULL, 2,12),
    (17, 'Account Managers - Yee Lim''s Team', 'Team that manages all the <$40k accounts for the company.', NULL, 2,12),
    (18, 'Solutioning Managers - Eric Loh''s Team', 'Team that creates tailored solutions for clients.', NULL, 3, 1)
ON CONFLICT (team_id) DO NOTHING;  -- Adjust this as necessary for your team's uniqueness criteria

-- Insert employees into the employees table
INSERT INTO "employees" (staff_id, staff_fname, staff_lname, position, department_id, team_id, country, email, reporting_manager, role, password)
VALUES
(130002,'Jack','Sim','MD',1,1,'Singapore','jack.sim@allinone.com.sg',130002,1,'$2b$12$agWjFGi0AaStERzrWIncZe7B7Rc3DaBmSNo7QZ7/wa6HAyxyymMyO'),
(140001,'Derek','Tan','Director',2,1,'Singapore','Derek.Tan@allinone.com.sg',130002,1,'$2b$12$agWjFGi0AaStERzrWIncZe7B7Rc3DaBmSNo7QZ7/wa6HAyxyymMyO'),
(150008,'Eric','Loh','Director',3,1,'Singapore','Eric.Loh@allinone.com.sg',130002,1,'$2b$12$agWjFGi0AaStERzrWIncZe7B7Rc3DaBmSNo7QZ7/wa6HAyxyymMyO'),
(151408,'Philip','Lee','Director',4,1,'Singapore','Philip.Lee@allinone.com.sg',130002,1,'$2b$12$agWjFGi0AaStERzrWIncZe7B7Rc3DaBmSNo7QZ7/wa6HAyxyymMyO'),
(140894,'Rahim','Khalid','Sales Manager',2,12,'Singapore','Rahim.Khalid@allinone.com.sg',140001,3,'$2b$12$agWjFGi0AaStERzrWIncZe7B7Rc3DaBmSNo7QZ7/wa6HAyxyymMyO'),
(140002,'Susan','Goh','Account Manager',2,16,'Singapore','Susan.Goh@allinone.com.sg',140894,2,'$2b$12$agWjFGi0AaStERzrWIncZe7B7Rc3DaBmSNo7QZ7/wa6HAyxyymMyO'),
(140003,'Janice','Chan','Account Manager',2,16,'Singapore','Janice.Chan@allinone.com.sg',140894,2,'$2b$12$agWjFGi0AaStERzrWIncZe7B7Rc3DaBmSNo7QZ7/wa6HAyxyymMyO'),
(140004,'Mary','Teo','Account Manager',2,16,'Singapore','Mary.Teo@allinone.com.sg',140894,2,'$2b$12$agWjFGi0AaStERzrWIncZe7B7Rc3DaBmSNo7QZ7/wa6HAyxyymMyO'),
(140015,'Oliva','Lim','Account Manager',2,16,'Singapore','Oliva.Lim@allinone.com.sg',140894,2,'$2b$12$agWjFGi0AaStERzrWIncZe7B7Rc3DaBmSNo7QZ7/wa6HAyxyymMyO'),
(140025,'Emma','Heng','Account Manager',2,16,'Singapore','Emma.Heng@allinone.com.sg',140894,2,'$2b$12$agWjFGi0AaStERzrWIncZe7B7Rc3DaBmSNo7QZ7/wa6HAyxyymMyO'),
(140036,'Charlotte','Wong','Account Manager',2,16,'Singapore','Charlotte.Wong@allinone.com.sg',140894,2,'$2b$12$agWjFGi0AaStERzrWIncZe7B7Rc3DaBmSNo7QZ7/wa6HAyxyymMyO'),
(140078,'Amelia','Ong','Account Manager',2,16,'Singapore','Amelia.Ong@allinone.com.sg',140894,2,'$2b$12$agWjFGi0AaStERzrWIncZe7B7Rc3DaBmSNo7QZ7/wa6HAyxyymMyO'),
(140102,'Eva','Yong','Account Manager',2,16,'Singapore','Eva.Yong@allinone.com.sg',140894,2,'$2b$12$agWjFGi0AaStERzrWIncZe7B7Rc3DaBmSNo7QZ7/wa6HAyxyymMyO'),
(140108,'Liam','The','Account Manager',2,16,'Singapore','Liam.The@allinone.com.sg',140894,2,'$2b$12$agWjFGi0AaStERzrWIncZe7B7Rc3DaBmSNo7QZ7/wa6HAyxyymMyO'),
(140115,'Noah','Ng','Account Manager',2,16,'Singapore','Noah.Ng@allinone.com.sg',140894,2,'$2b$12$agWjFGi0AaStERzrWIncZe7B7Rc3DaBmSNo7QZ7/wa6HAyxyymMyO'),
(140525,'Oliver','Tan','Account Manager',2,16,'Singapore','Oliver.Tan@allinone.com.sg',140894,2,'$2b$12$agWjFGi0AaStERzrWIncZe7B7Rc3DaBmSNo7QZ7/wa6HAyxyymMyO'),
(140736,'William','Fu','Account Manager',2,16,'Singapore','William.Fu@allinone.com.sg',140894,2,'$2b$12$agWjFGi0AaStERzrWIncZe7B7Rc3DaBmSNo7QZ7/wa6HAyxyymMyO'),
(140878,'James','Tong','Account Manager',2,16,'Singapore','James.Tong@allinone.com.sg',140894,2,'$2b$12$agWjFGi0AaStERzrWIncZe7B7Rc3DaBmSNo7QZ7/wa6HAyxyymMyO'),
(140880,'Heng','Chan','Account Manager',2,13,'Singapore','Heng.Chan@allinone.com.sg',140008,2,'$2b$12$agWjFGi0AaStERzrWIncZe7B7Rc3DaBmSNo7QZ7/wa6HAyxyymMyO'),
(140881,'Rina','Tan','Account Manager',2,13,'Singapore','Rina.Tan@allinone.com.sg',140008,2,'$2b$12$agWjFGi0AaStERzrWIncZe7B7Rc3DaBmSNo7QZ7/wa6HAyxyymMyO'),
(140882,'Boun','Souk','Account Manager',2,13,'Singapore','Boun.Souk@allinone.com.sg',140008,2,'$2b$12$agWjFGi0AaStERzrWIncZe7B7Rc3DaBmSNo7QZ7/wa6HAyxyymMyO'),
(140883,'Aung','Kyaw','Account Manager',2,13,'Singapore','Aung.Kyaw@allinone.com.sg',140008,2,'$2b$12$agWjFGi0AaStERzrWIncZe7B7Rc3DaBmSNo7QZ7/wa6HAyxyymMyO'),
(140886,'Thuy','Nguyen','Account Manager',2,13,'Singapore','Thuy.Nguyen@allinone.com.sg',140008,2,'$2b$12$agWjFGi0AaStERzrWIncZe7B7Rc3DaBmSNo7QZ7/wa6HAyxyymMyO'),
(140887,'Rajesh','Kumar','Account Manager',2,13,'Singapore','Rajesh.Kumar@allinone.com.sg',140008,2,'$2b$12$agWjFGi0AaStERzrWIncZe7B7Rc3DaBmSNo7QZ7/wa6HAyxyymMyO'),
(140888,'Koh','Lim','Account Manager',2,13,'Singapore','Koh.Lim@allinone.com.sg',140008,2,'$2b$12$agWjFGi0AaStERzrWIncZe7B7Rc3DaBmSNo7QZ7/wa6HAyxyymMyO'),
(140889,'Somchai','Somboon','Account Manager',2,13,'Singapore','Somchai.Somboon@allinone.com.sg',140008,2,'$2b$12$agWjFGi0AaStERzrWIncZe7B7Rc3DaBmSNo7QZ7/wa6HAyxyymMyO'),
(140890,'Seng','Lee','Account Manager',2,13,'Singapore','Seng.Lee@allinone.com.sg',140008,2,'$2b$12$agWjFGi0AaStERzrWIncZe7B7Rc3DaBmSNo7QZ7/wa6HAyxyymMyO'),
(140891,'Anh','Tran','Account Manager',2,13,'Singapore','Anh.Tran@allinone.com.sg',140008,2,'$2b$12$agWjFGi0AaStERzrWIncZe7B7Rc3DaBmSNo7QZ7/wa6HAyxyymMyO'),
(140892,'Ratana','Chen','Account Manager',2,13,'Singapore','Ratana.Chen@allinone.com.sg',140008,2,'$2b$12$agWjFGi0AaStERzrWIncZe7B7Rc3DaBmSNo7QZ7/wa6HAyxyymMyO'),
(140893,'Bui','Nguyen','Account Manager',2,14,'Singapore','Bui.Nguyen@allinone.com.sg',140103,2,'$2b$12$agWjFGi0AaStERzrWIncZe7B7Rc3DaBmSNo7QZ7/wa6HAyxyymMyO'),
(140895,'Dewi','Putri','Account Manager',2,14,'Singapore','Dewi.Putri@allinone.com.sg',140103,2,'$2b$12$agWjFGi0AaStERzrWIncZe7B7Rc3DaBmSNo7QZ7/wa6HAyxyymMyO'),
(140898,'Sokha','Seng','Account Manager',2,14,'Singapore','Sokha.Seng@allinone.com.sg',140103,2,'$2b$12$agWjFGi0AaStERzrWIncZe7B7Rc3DaBmSNo7QZ7/wa6HAyxyymMyO'),
(140900,'Tuan','Nguyen','Account Manager',2,14,'Singapore','Tuan.Nguyen@allinone.com.sg',140103,2,'$2b$12$agWjFGi0AaStERzrWIncZe7B7Rc3DaBmSNo7QZ7/wa6HAyxyymMyO'),
(140901,'Bao','Luu','Account Manager',2,14,'Singapore','Bao.Luu@allinone.com.sg',140103,2,'$2b$12$agWjFGi0AaStERzrWIncZe7B7Rc3DaBmSNo7QZ7/wa6HAyxyymMyO'),
(140940,'Siti','Ahmad','Account Manager',2,15,'Singapore','Siti.Ahmad@allinone.com.sg',140879,2,'$2b$12$agWjFGi0AaStERzrWIncZe7B7Rc3DaBmSNo7QZ7/wa6HAyxyymMyO'),
(140941,'Chandra','Rai','Account Manager',2,15,'Singapore','Chandra.Rai@allinone.com.sg',140879,2,'$2b$12$agWjFGi0AaStERzrWIncZe7B7Rc3DaBmSNo7QZ7/wa6HAyxyymMyO'),
(140942,'Ratana','Keo','Account Manager',2,15,'Singapore','Ratana.Keo@allinone.com.sg',140879,2,'$2b$12$agWjFGi0AaStERzrWIncZe7B7Rc3DaBmSNo7QZ7/wa6HAyxyymMyO'),
(140945,'Wai','Yong','Account Manager',2,15,'Singapore','Wai.Yong@allinone.com.sg',140879,2,'$2b$12$agWjFGi0AaStERzrWIncZe7B7Rc3DaBmSNo7QZ7/wa6HAyxyymMyO'),
(140947,'Thi','Pham','Account Manager',2,15,'Singapore','Thi.Pham@allinone.com.sg',140879,2,'$2b$12$agWjFGi0AaStERzrWIncZe7B7Rc3DaBmSNo7QZ7/wa6HAyxyymMyO'),
(140948,'Nara','Sok','Account Manager',2,15,'Singapore','Nara.Sok@allinone.com.sg',140879,2,'$2b$12$agWjFGi0AaStERzrWIncZe7B7Rc3DaBmSNo7QZ7/wa6HAyxyymMyO'),
(140008,'Jaclyn','Lee','Sales Manager',2,12,'Singapore','Jaclyn.Lee@allinone.com.sg',140001,3,'$2b$12$agWjFGi0AaStERzrWIncZe7B7Rc3DaBmSNo7QZ7/wa6HAyxyymMyO'),
(140927,'Chin','Lim','Account Manager',2,15,'Hong Kong','Chin.Lim@allinone.com.hk',140879,2,'$2b$12$agWjFGi0AaStERzrWIncZe7B7Rc3DaBmSNo7QZ7/wa6HAyxyymMyO'),
(140928,'Sok','Chhay','Account Manager',2,15,'Hong Kong','Sok.Chhay@allinone.com.hk',140879,2,'$2b$12$agWjFGi0AaStERzrWIncZe7B7Rc3DaBmSNo7QZ7/wa6HAyxyymMyO'),
(140929,'Tat','Nguyen','Account Manager',2,15,'Hong Kong','Tat.Nguyen@allinone.com.hk',140879,2,'$2b$12$agWjFGi0AaStERzrWIncZe7B7Rc3DaBmSNo7QZ7/wa6HAyxyymMyO'),
(140933,'Hlaing','Sithu','Account Manager',2,15,'Hong Kong','Hlaing.Sithu@allinone.com.hk',140879,2,'$2b$12$agWjFGi0AaStERzrWIncZe7B7Rc3DaBmSNo7QZ7/wa6HAyxyymMyO'),
(140934,'Santhi','Perumal','Account Manager',2,15,'Hong Kong','Santhi.Perumal@allinone.com.hk',140879,2,'$2b$12$agWjFGi0AaStERzrWIncZe7B7Rc3DaBmSNo7QZ7/wa6HAyxyymMyO'),
(140935,'Hakim','Siregar','Account Manager',2,15,'Hong Kong','Hakim.Siregar@allinone.com.hk',140879,2,'$2b$12$agWjFGi0AaStERzrWIncZe7B7Rc3DaBmSNo7QZ7/wa6HAyxyymMyO'),
(140937,'Sirirat','Chaiyaporn','Account Manager',2,15,'Hong Kong','Sirirat.Chaiyaporn@allinone.com.hk',140879,2,'$2b$12$agWjFGi0AaStERzrWIncZe7B7Rc3DaBmSNo7QZ7/wa6HAyxyymMyO'),
(140938,'Chinh','Tran','Account Manager',2,15,'Hong Kong','Chinh.Tran@allinone.com.hk',140879,2,'$2b$12$agWjFGi0AaStERzrWIncZe7B7Rc3DaBmSNo7QZ7/wa6HAyxyymMyO'),
(140103,'Sophia','Toh','Sales Manager',2,12,'Singapore','Sophia.Toh@allinone.com.sg',140001,3,'$2b$12$agWjFGi0AaStERzrWIncZe7B7Rc3DaBmSNo7QZ7/wa6HAyxyymMyO'),
(140910,'Rina','Siriporn','Account Manager',2,15,'Indonesia ','Rina.Siriporn@allinone.com.id',140879,2,'$2b$12$agWjFGi0AaStERzrWIncZe7B7Rc3DaBmSNo7QZ7/wa6HAyxyymMyO'),
(140911,'Minh','Ly','Account Manager',2,17,'Indonesia ','Minh.Ly@allinone.com.id',140944,2,'$2b$12$agWjFGi0AaStERzrWIncZe7B7Rc3DaBmSNo7QZ7/wa6HAyxyymMyO'),
(140912,'Chandara','Kim','Account Manager',2,17,'Indonesia ','Chandara.Kim@allinone.com.id',140944,2,'$2b$12$agWjFGi0AaStERzrWIncZe7B7Rc3DaBmSNo7QZ7/wa6HAyxyymMyO'),
(140917,'Heng','Phan','Account Manager',2,17,'Indonesia ','Heng.Phan@allinone.com.id',140944,2,'$2b$12$agWjFGi0AaStERzrWIncZe7B7Rc3DaBmSNo7QZ7/wa6HAyxyymMyO'),
(140918,'Nara','Khun','Account Manager',2,17,'Indonesia ','Nara.Khun@allinone.com.id',140944,2,'$2b$12$agWjFGi0AaStERzrWIncZe7B7Rc3DaBmSNo7QZ7/wa6HAyxyymMyO'),
(140919,'Priya','Malik','Account Manager',2,17,'Indonesia ','Priya.Malik@allinone.com.id',140944,2,'$2b$12$agWjFGi0AaStERzrWIncZe7B7Rc3DaBmSNo7QZ7/wa6HAyxyymMyO'),
(140879,'Siti','Abdullah','Sales Manager',2,12,'Singapore','Siti.Abdullah@allinone.com.sg',140001,3,'$2b$12$agWjFGi0AaStERzrWIncZe7B7Rc3DaBmSNo7QZ7/wa6HAyxyymMyO'),
(140903,'Amara','Singh','Account Manager',2,17,'Malaysia','Amara.Singh@allinone.com.my',140944,2,'$2b$12$agWjFGi0AaStERzrWIncZe7B7Rc3DaBmSNo7QZ7/wa6HAyxyymMyO'),
(140904,'Srey','Mao','Account Manager',2,17,'Malaysia','Srey.Mao@allinone.com.my',140944,2,'$2b$12$agWjFGi0AaStERzrWIncZe7B7Rc3DaBmSNo7QZ7/wa6HAyxyymMyO'),
(140905,'Phuc','Le','Account Manager',2,17,'Malaysia','Phuc.Le@allinone.com.my',140944,2,'$2b$12$agWjFGi0AaStERzrWIncZe7B7Rc3DaBmSNo7QZ7/wa6HAyxyymMyO'),
(140908,'Arifin','Saputra','Account Manager',2,17,'Malaysia','Arifin.Saputra@allinone.com.my',140944,2,'$2b$12$agWjFGi0AaStERzrWIncZe7B7Rc3DaBmSNo7QZ7/wa6HAyxyymMyO'),
(140909,'Siti','Salleh','Account Manager',2,17,'Malaysia','Siti.Salleh@allinone.com.my',140944,2,'$2b$12$agWjFGi0AaStERzrWIncZe7B7Rc3DaBmSNo7QZ7/wa6HAyxyymMyO'),
(140944,'Yee','Lim','Sales Manager',2,12,'Singapore','Yee.Lim@allinone.com.sg',140001,3,'$2b$12$agWjFGi0AaStERzrWIncZe7B7Rc3DaBmSNo7QZ7/wa6HAyxyymMyO'),
(140923,'Ngoc','Trinh','Account Manager',2,17,'Vietnam','Ngoc.Trinh@allinone.com.vn',140944,2,'$2b$12$agWjFGi0AaStERzrWIncZe7B7Rc3DaBmSNo7QZ7/wa6HAyxyymMyO'),
(140924,'Manoj','Kumar','Account Manager',2,17,'Vietnam','Manoj.Kumar@allinone.com.vn',140944,2,'$2b$12$agWjFGi0AaStERzrWIncZe7B7Rc3DaBmSNo7QZ7/wa6HAyxyymMyO'),
(140925,'Anh','Pham','Account Manager',2,17,'Vietnam','Anh.Pham@allinone.com.vn',140944,2,'$2b$12$agWjFGi0AaStERzrWIncZe7B7Rc3DaBmSNo7QZ7/wa6HAyxyymMyO'),
(140926,'Somsak','Somsri','Account Manager',2,17,'Vietnam','Somsak.Somsri@allinone.com.vn',140944,2,'$2b$12$agWjFGi0AaStERzrWIncZe7B7Rc3DaBmSNo7QZ7/wa6HAyxyymMyO'),
(150143,'John','Lim','Senior Engineers',4,3,'Singapore','John.Lim@allinone.com.sg',151408,2,'$2b$12$agWjFGi0AaStERzrWIncZe7B7Rc3DaBmSNo7QZ7/wa6HAyxyymMyO'),
(150065,'Noah','Goh','Senior Engineers',4,3,'Singapore','Noah.Goh@allinone.com.sg',151408,2,'$2b$12$agWjFGi0AaStERzrWIncZe7B7Rc3DaBmSNo7QZ7/wa6HAyxyymMyO'),
(150075,'Liam','Tan','Senior Engineers',4,3,'Singapore','Liam.Tan@allinone.com.sg',151408,2,'$2b$12$agWjFGi0AaStERzrWIncZe7B7Rc3DaBmSNo7QZ7/wa6HAyxyymMyO'),
(150076,'Oliver','Chan','Junior Engineers',4,3,'Singapore','Oliver.Chan@allinone.com.sg',151408,2,'$2b$12$agWjFGi0AaStERzrWIncZe7B7Rc3DaBmSNo7QZ7/wa6HAyxyymMyO'),
(150085,'Michael','Ng','Junior Engineers',4,3,'Singapore','Michael.Ng@allinone.com.sg',151408,2,'$2b$12$agWjFGi0AaStERzrWIncZe7B7Rc3DaBmSNo7QZ7/wa6HAyxyymMyO'),
(150095,'Alexander','The','Junior Engineers',4,3,'Singapore','Alexander.The@allinone.com.sg',151408,2,'$2b$12$agWjFGi0AaStERzrWIncZe7B7Rc3DaBmSNo7QZ7/wa6HAyxyymMyO'),
(150096,'Ethan','Tan','Junior Engineers',4,3,'Singapore','Ethan.Tan@allinone.com.sg',151408,2,'$2b$12$agWjFGi0AaStERzrWIncZe7B7Rc3DaBmSNo7QZ7/wa6HAyxyymMyO'),
(150115,'Jaclyn','Poh','Junior Engineers',4,3,'Singapore','Jaclyn.Poh@allinone.com.sg',151408,2,'$2b$12$agWjFGi0AaStERzrWIncZe7B7Rc3DaBmSNo7QZ7/wa6HAyxyymMyO'),
(150118,'William','Teo','Junior Engineers',4,3,'Singapore','William.Teo@allinone.com.sg',151408,2,'$2b$12$agWjFGi0AaStERzrWIncZe7B7Rc3DaBmSNo7QZ7/wa6HAyxyymMyO'),
(150125,'Mary','Ma','Junior Engineers',4,3,'Singapore','Mary.Ma@allinone.com.sg',151408,2,'$2b$12$agWjFGi0AaStERzrWIncZe7B7Rc3DaBmSNo7QZ7/wa6HAyxyymMyO'),
(150126,'Oliva','Lam','Junior Engineers',4,3,'Singapore','Oliva.Lam@allinone.com.sg',151408,2,'$2b$12$agWjFGi0AaStERzrWIncZe7B7Rc3DaBmSNo7QZ7/wa6HAyxyymMyO'),
(150138,'Daniel','Fu','Junior Engineers',4,3,'Singapore','Daniel.Fu@allinone.com.sg',151408,2,'$2b$12$agWjFGi0AaStERzrWIncZe7B7Rc3DaBmSNo7QZ7/wa6HAyxyymMyO'),
(150142,'James','Lee','Junior Engineers',4,3,'Singapore','James.Lee@allinone.com.sg',151408,2,'$2b$12$agWjFGi0AaStERzrWIncZe7B7Rc3DaBmSNo7QZ7/wa6HAyxyymMyO'),
(150245,'Benjamin','Tan','Call Centre',4,3,'Singapore','Benjamin.Tan@allinone.com.sg',151408,2,'$2b$12$agWjFGi0AaStERzrWIncZe7B7Rc3DaBmSNo7QZ7/wa6HAyxyymMyO'),
(150148,'Jack','Heng','Call Centre',4,3,'Singapore','Jack.Heng@allinone.com.sg',151408,2,'$2b$12$agWjFGi0AaStERzrWIncZe7B7Rc3DaBmSNo7QZ7/wa6HAyxyymMyO'),
(150155,'Derek','Wong','Call Centre',4,3,'Singapore','Derek.Wong@allinone.com.sg',151408,2,'$2b$12$agWjFGi0AaStERzrWIncZe7B7Rc3DaBmSNo7QZ7/wa6HAyxyymMyO'),
(150162,'Jacob','Tong','Call Centre',4,3,'Singapore','Jacob.Tong@allinone.com.sg',151408,2,'$2b$12$agWjFGi0AaStERzrWIncZe7B7Rc3DaBmSNo7QZ7/wa6HAyxyymMyO'),
(150163,'Logan','Loh','Call Centre',4,3,'Singapore','Logan.Loh@allinone.com.sg',151408,2,'$2b$12$agWjFGi0AaStERzrWIncZe7B7Rc3DaBmSNo7QZ7/wa6HAyxyymMyO'),
(150165,'Jacob','Ming','Call Centre',4,3,'Singapore','Jacob.Ming@allinone.com.sg',151408,2,'$2b$12$agWjFGi0AaStERzrWIncZe7B7Rc3DaBmSNo7QZ7/wa6HAyxyymMyO'),
(150166,'James','Fu','Call Centre',4,3,'Singapore','James.Fu@allinone.com.sg',151408,2,'$2b$12$agWjFGi0AaStERzrWIncZe7B7Rc3DaBmSNo7QZ7/wa6HAyxyymMyO'),
(150168,'John','Fu','Call Centre',4,3,'Singapore','John.Fu@allinone.com.sg',151408,2,'$2b$12$agWjFGi0AaStERzrWIncZe7B7Rc3DaBmSNo7QZ7/wa6HAyxyymMyO'),
(150175,'Jack','Tan','Call Centre',4,3,'Singapore','Jack.Tan@allinone.com.sg',151408,2,'$2b$12$agWjFGi0AaStERzrWIncZe7B7Rc3DaBmSNo7QZ7/wa6HAyxyymMyO'),
(150192,'Derek','Heng','Call Centre',4,3,'Singapore','Derek.Heng@allinone.com.sg',151408,2,'$2b$12$agWjFGi0AaStERzrWIncZe7B7Rc3DaBmSNo7QZ7/wa6HAyxyymMyO'),
(150193,'Benjamin','Wong','Call Centre',4,3,'Singapore','Benjamin.Wong@allinone.com.sg',151408,2,'$2b$12$agWjFGi0AaStERzrWIncZe7B7Rc3DaBmSNo7QZ7/wa6HAyxyymMyO'),
(150198,'Lucas','Ong','Call Centre',4,3,'Singapore','Lucas.Ong@allinone.com.sg',151408,2,'$2b$12$agWjFGi0AaStERzrWIncZe7B7Rc3DaBmSNo7QZ7/wa6HAyxyymMyO'),
(150205,'Ethan','Yong','Call Centre',4,3,'Singapore','Ethan.Yong@allinone.com.sg',151408,2,'$2b$12$agWjFGi0AaStERzrWIncZe7B7Rc3DaBmSNo7QZ7/wa6HAyxyymMyO'),
(150208,'Daniel','Tong','Call Centre',4,3,'Singapore','Daniel.Tong@allinone.com.sg',151408,2,'$2b$12$agWjFGi0AaStERzrWIncZe7B7Rc3DaBmSNo7QZ7/wa6HAyxyymMyO'),
(150215,'Jacob','Lee','Call Centre',4,3,'Singapore','Jacob.Lee@allinone.com.sg',151408,2,'$2b$12$agWjFGi0AaStERzrWIncZe7B7Rc3DaBmSNo7QZ7/wa6HAyxyymMyO'),
(150216,'Logan','Lim','Call Centre',4,3,'Singapore','Logan.Lim@allinone.com.sg',151408,2,'$2b$12$agWjFGi0AaStERzrWIncZe7B7Rc3DaBmSNo7QZ7/wa6HAyxyymMyO'),
(150232,'Jackson','Loh','Call Centre',4,3,'Singapore','Jackson.Loh@allinone.com.sg',151408,2,'$2b$12$agWjFGi0AaStERzrWIncZe7B7Rc3DaBmSNo7QZ7/wa6HAyxyymMyO'),
(150233,'Aiden','Tan','Call Centre',4,3,'Singapore','Aiden.Tan@allinone.com.sg',151408,2,'$2b$12$agWjFGi0AaStERzrWIncZe7B7Rc3DaBmSNo7QZ7/wa6HAyxyymMyO'),
(150238,'Samuel','Tong','Call Centre',4,3,'Singapore','Samuel.Tong@allinone.com.sg',151408,2,'$2b$12$agWjFGi0AaStERzrWIncZe7B7Rc3DaBmSNo7QZ7/wa6HAyxyymMyO'),
(150345,'William','Heng','Senior Engineers',4,3,'Singapore','William.Heng@allinone.com.sg',151408,2,'$2b$12$agWjFGi0AaStERzrWIncZe7B7Rc3DaBmSNo7QZ7/wa6HAyxyymMyO'),
(150258,'Daniel','Heng','Senior Engineers',4,3,'Singapore','Daniel.Heng@allinone.com.sg',151408,2,'$2b$12$agWjFGi0AaStERzrWIncZe7B7Rc3DaBmSNo7QZ7/wa6HAyxyymMyO'),
(150265,'Jaclyn','Tong','Senior Engineers',4,3,'Singapore','Jaclyn.Tong@allinone.com.sg',151408,2,'$2b$12$agWjFGi0AaStERzrWIncZe7B7Rc3DaBmSNo7QZ7/wa6HAyxyymMyO'),
(150275,'Mary','Fu','Junior Engineers',4,3,'Singapore','Mary.Fu@allinone.com.sg',151408,2,'$2b$12$agWjFGi0AaStERzrWIncZe7B7Rc3DaBmSNo7QZ7/wa6HAyxyymMyO'),
(150276,'Oliva','Loh','Junior Engineers',4,3,'Singapore','Oliva.Loh@allinone.com.sg',151408,2,'$2b$12$agWjFGi0AaStERzrWIncZe7B7Rc3DaBmSNo7QZ7/wa6HAyxyymMyO'),
(150282,'Jacob','Wong','Junior Engineers',4,3,'Singapore','Jacob.Wong@allinone.com.sg',151408,2,'$2b$12$agWjFGi0AaStERzrWIncZe7B7Rc3DaBmSNo7QZ7/wa6HAyxyymMyO'),
(150283,'Logan','Ong','Junior Engineers',4,3,'Singapore','Logan.Ong@allinone.com.sg',151408,2,'$2b$12$agWjFGi0AaStERzrWIncZe7B7Rc3DaBmSNo7QZ7/wa6HAyxyymMyO'),
(150288,'Jackson','Yong','Junior Engineers',4,3,'Singapore','Jackson.Yong@allinone.com.sg',151408,2,'$2b$12$agWjFGi0AaStERzrWIncZe7B7Rc3DaBmSNo7QZ7/wa6HAyxyymMyO'),
(150295,'Aiden','Toh','Junior Engineers',4,3,'Singapore','Aiden.Toh@allinone.com.sg',151408,2,'$2b$12$agWjFGi0AaStERzrWIncZe7B7Rc3DaBmSNo7QZ7/wa6HAyxyymMyO'),
(150318,'Emma','Tan','Junior Engineers',4,3,'Singapore','Emma.Tan@allinone.com.sg',151408,2,'$2b$12$agWjFGi0AaStERzrWIncZe7B7Rc3DaBmSNo7QZ7/wa6HAyxyymMyO'),
(150342,'Charlotte','Tan','Junior Engineers',4,3,'Singapore','Charlotte.Tan@allinone.com.sg',151408,2,'$2b$12$agWjFGi0AaStERzrWIncZe7B7Rc3DaBmSNo7QZ7/wa6HAyxyymMyO'),
(150343,'Amelia','Tan','Junior Engineers',4,3,'Singapore','Amelia.Tan@allinone.com.sg',151408,2,'$2b$12$agWjFGi0AaStERzrWIncZe7B7Rc3DaBmSNo7QZ7/wa6HAyxyymMyO'),
(150555,'Jaclyn','Wong','Call Centre',4,3,'Singapore','Jaclyn.Wong@allinone.com.sg',151408,2,'$2b$12$agWjFGi0AaStERzrWIncZe7B7Rc3DaBmSNo7QZ7/wa6HAyxyymMyO'),
(150348,'Eva','Goh','Call Centre',4,3,'Singapore','Eva.Goh@allinone.com.sg',151408,2,'$2b$12$agWjFGi0AaStERzrWIncZe7B7Rc3DaBmSNo7QZ7/wa6HAyxyymMyO'),
(150355,'Sophia','Chan','Call Centre',4,3,'Singapore','Sophia.Chan@allinone.com.sg',151408,2,'$2b$12$agWjFGi0AaStERzrWIncZe7B7Rc3DaBmSNo7QZ7/wa6HAyxyymMyO'),
(150356,'James','Wong','Call Centre',4,3,'Singapore','James.Wong@allinone.com.sg',151408,2,'$2b$12$agWjFGi0AaStERzrWIncZe7B7Rc3DaBmSNo7QZ7/wa6HAyxyymMyO'),
(150398,'John','Ong','Call Centre',4,3,'Singapore','John.Ong@allinone.com.sg',151408,2,'$2b$12$agWjFGi0AaStERzrWIncZe7B7Rc3DaBmSNo7QZ7/wa6HAyxyymMyO'),
(150422,'Jack','Yong','Call Centre',4,3,'Singapore','Jack.Yong@allinone.com.sg',151408,2,'$2b$12$agWjFGi0AaStERzrWIncZe7B7Rc3DaBmSNo7QZ7/wa6HAyxyymMyO'),
(150423,'Derek','Toh','Call Centre',4,3,'Singapore','Derek.Toh@allinone.com.sg',151408,2,'$2b$12$agWjFGi0AaStERzrWIncZe7B7Rc3DaBmSNo7QZ7/wa6HAyxyymMyO'),
(150428,'Benjamin','The','Call Centre',4,3,'Singapore','Benjamin.The@allinone.com.sg',151408,2,'$2b$12$agWjFGi0AaStERzrWIncZe7B7Rc3DaBmSNo7QZ7/wa6HAyxyymMyO'),
(150435,'Lucas','Ng','Call Centre',4,3,'Singapore','Lucas.Ng@allinone.com.sg',151408,2,'$2b$12$agWjFGi0AaStERzrWIncZe7B7Rc3DaBmSNo7QZ7/wa6HAyxyymMyO'),
(150445,'Ethan','Loh','Call Centre',4,3,'Singapore','Ethan.Loh@allinone.com.sg',151408,2,'$2b$12$agWjFGi0AaStERzrWIncZe7B7Rc3DaBmSNo7QZ7/wa6HAyxyymMyO'),
(150446,'Daniel','Tan','Call Centre',4,3,'Singapore','Daniel.Tan@allinone.com.sg',151408,2,'$2b$12$agWjFGi0AaStERzrWIncZe7B7Rc3DaBmSNo7QZ7/wa6HAyxyymMyO'),
(150488,'Jacob','Tan','Call Centre',4,3,'Singapore','Jacob.Tan@allinone.com.sg',151408,2,'$2b$12$agWjFGi0AaStERzrWIncZe7B7Rc3DaBmSNo7QZ7/wa6HAyxyymMyO'),
(150512,'Logan','Tan','Call Centre',4,3,'Singapore','Logan.Tan@allinone.com.sg',151408,2,'$2b$12$agWjFGi0AaStERzrWIncZe7B7Rc3DaBmSNo7QZ7/wa6HAyxyymMyO'),
(150513,'Jackson','Goh','Call Centre',4,3,'Singapore','Jackson.Goh@allinone.com.sg',151408,2,'$2b$12$agWjFGi0AaStERzrWIncZe7B7Rc3DaBmSNo7QZ7/wa6HAyxyymMyO'),
(150518,'Aiden','Chan','Call Centre',4,3,'Singapore','Aiden.Chan@allinone.com.sg',151408,2,'$2b$12$agWjFGi0AaStERzrWIncZe7B7Rc3DaBmSNo7QZ7/wa6HAyxyymMyO'),
(150525,'Samuel','Teo','Call Centre',4,3,'Singapore','Samuel.Teo@allinone.com.sg',151408,2,'$2b$12$agWjFGi0AaStERzrWIncZe7B7Rc3DaBmSNo7QZ7/wa6HAyxyymMyO'),
(151410,'Phuong','Dinh','Operation Planning Team',4,3,'Singapore','Phuong.Dinh@allinone.com.sg',151408,2,'$2b$12$agWjFGi0AaStERzrWIncZe7B7Rc3DaBmSNo7QZ7/wa6HAyxyymMyO'),
(150866,'Henry','Chan','Senior Engineers',4,3,'Singapore','Henry.Chan@allinone.com.sg',151408,2,'$2b$12$agWjFGi0AaStERzrWIncZe7B7Rc3DaBmSNo7QZ7/wa6HAyxyymMyO'),
(150565,'Benjamin','Ong','Senior Engineers',4,3,'Singapore','Benjamin.Ong@allinone.com.sg',151408,2,'$2b$12$agWjFGi0AaStERzrWIncZe7B7Rc3DaBmSNo7QZ7/wa6HAyxyymMyO'),
(150566,'Oliva','Ong','Senior Engineers',4,3,'Singapore','Oliva.Ong@allinone.com.sg',151408,2,'$2b$12$agWjFGi0AaStERzrWIncZe7B7Rc3DaBmSNo7QZ7/wa6HAyxyymMyO'),
(150585,'Samuel','Tan','Junior Engineers',4,3,'Singapore','Samuel.Tan@allinone.com.sg',151408,2,'$2b$12$agWjFGi0AaStERzrWIncZe7B7Rc3DaBmSNo7QZ7/wa6HAyxyymMyO'),
(150608,'Emma','Yong','Junior Engineers',4,3,'Singapore','Emma.Yong@allinone.com.sg',151408,2,'$2b$12$agWjFGi0AaStERzrWIncZe7B7Rc3DaBmSNo7QZ7/wa6HAyxyymMyO'),
(150615,'Sophie','Toh','Junior Engineers',4,3,'Singapore','Sophie.Toh@allinone.com.sg',151408,2,'$2b$12$agWjFGi0AaStERzrWIncZe7B7Rc3DaBmSNo7QZ7/wa6HAyxyymMyO'),
(150632,'Charlotte','Toh','Junior Engineers',4,3,'Singapore','Charlotte.Toh@allinone.com.sg',151408,2,'$2b$12$agWjFGi0AaStERzrWIncZe7B7Rc3DaBmSNo7QZ7/wa6HAyxyymMyO'),
(150633,'Amelia','The','Junior Engineers',4,3,'Singapore','Amelia.The@allinone.com.sg',151408,2,'$2b$12$agWjFGi0AaStERzrWIncZe7B7Rc3DaBmSNo7QZ7/wa6HAyxyymMyO'),
(150638,'Eva','Ng','Junior Engineers',4,3,'Singapore','Eva.Ng@allinone.com.sg',151408,2,'$2b$12$agWjFGi0AaStERzrWIncZe7B7Rc3DaBmSNo7QZ7/wa6HAyxyymMyO'),
(150645,'Sophia','Tan','Junior Engineers',4,3,'Singapore','Sophia.Tan@allinone.com.sg',151408,2,'$2b$12$agWjFGi0AaStERzrWIncZe7B7Rc3DaBmSNo7QZ7/wa6HAyxyymMyO'),
(150655,'Lucas','Goh','Junior Engineers',4,3,'Singapore','Lucas.Goh@allinone.com.sg',151408,2,'$2b$12$agWjFGi0AaStERzrWIncZe7B7Rc3DaBmSNo7QZ7/wa6HAyxyymMyO'),
(150695,'William','Tan','Junior Engineers',4,3,'Singapore','William.Tan@allinone.com.sg',151408,2,'$2b$12$agWjFGi0AaStERzrWIncZe7B7Rc3DaBmSNo7QZ7/wa6HAyxyymMyO'),
(150705,'Samuel','The','Junior Engineers',4,3,'Singapore','Samuel.The@allinone.com.sg',151408,2,'$2b$12$agWjFGi0AaStERzrWIncZe7B7Rc3DaBmSNo7QZ7/wa6HAyxyymMyO'),
(150765,'Liam','Teo','Junior Engineers',4,3,'Singapore','Liam.Teo@allinone.com.sg',151408,2,'$2b$12$agWjFGi0AaStERzrWIncZe7B7Rc3DaBmSNo7QZ7/wa6HAyxyymMyO'),
(150776,'Lucas','Yong','Junior Engineers',4,3,'Singapore','Lucas.Yong@allinone.com.sg',151408,2,'$2b$12$agWjFGi0AaStERzrWIncZe7B7Rc3DaBmSNo7QZ7/wa6HAyxyymMyO'),
(150796,'Susan','Teo','Junior Engineers',4,3,'Singapore','Susan.Teo@allinone.com.sg',151408,2,'$2b$12$agWjFGi0AaStERzrWIncZe7B7Rc3DaBmSNo7QZ7/wa6HAyxyymMyO'),
(150826,'LiamMing','Fu','Junior Engineers',4,3,'Singapore','LiamMing.Fu@allinone.com.sg',151408,2,'$2b$12$agWjFGi0AaStERzrWIncZe7B7Rc3DaBmSNo7QZ7/wa6HAyxyymMyO'),
(150845,'Henry','Fu','Junior Engineers',4,3,'Singapore','Henry.Fu@allinone.com.sg',151408,2,'$2b$12$agWjFGi0AaStERzrWIncZe7B7Rc3DaBmSNo7QZ7/wa6HAyxyymMyO'),
(150938,'Jani','Tan','Junior Engineers',4,3,'Singapore','Jani.Tan@allinone.com.sg',151408,2,'$2b$12$agWjFGi0AaStERzrWIncZe7B7Rc3DaBmSNo7QZ7/wa6HAyxyymMyO'),
(150968,'Noah','Lim','Junior Engineers',4,3,'Singapore','Noah.Lim@allinone.com.sg',151408,2,'$2b$12$agWjFGi0AaStERzrWIncZe7B7Rc3DaBmSNo7QZ7/wa6HAyxyymMyO'),
(150976,'Noah','Lee','Junior Engineers',4,3,'Singapore','Noah.Lee@allinone.com.sg',151408,2,'$2b$12$agWjFGi0AaStERzrWIncZe7B7Rc3DaBmSNo7QZ7/wa6HAyxyymMyO'),
(150916,'Susan','Ng','Operation Planning Team',4,3,'Singapore','Susan.Ng@allinone.com.sg',151408,2,'$2b$12$agWjFGi0AaStERzrWIncZe7B7Rc3DaBmSNo7QZ7/wa6HAyxyymMyO'),
(150918,'Henry','Toh','Operation Planning Team',4,3,'Singapore','Henry.Toh@allinone.com.sg',151408,2,'$2b$12$agWjFGi0AaStERzrWIncZe7B7Rc3DaBmSNo7QZ7/wa6HAyxyymMyO'),
(150935,'Susan','Lee','Operation Planning Team',4,3,'Singapore','Susan.Lee@allinone.com.sg',151408,2,'$2b$12$agWjFGi0AaStERzrWIncZe7B7Rc3DaBmSNo7QZ7/wa6HAyxyymMyO'),
(151008,'Alexander','Teo','Operation Planning Team',4,3,'Singapore','Alexander.Teo@allinone.com.sg',151408,2,'$2b$12$agWjFGi0AaStERzrWIncZe7B7Rc3DaBmSNo7QZ7/wa6HAyxyymMyO'),
(151055,'Liam','Fu','Operation Planning Team',4,3,'Singapore','Liam.Fu@allinone.com.sg',151408,2,'$2b$12$agWjFGi0AaStERzrWIncZe7B7Rc3DaBmSNo7QZ7/wa6HAyxyymMyO'),
(151056,'Alexander','Fu','Operation Planning Team',4,3,'Singapore','Alexander.Fu@allinone.com.sg',151408,2,'$2b$12$agWjFGi0AaStERzrWIncZe7B7Rc3DaBmSNo7QZ7/wa6HAyxyymMyO'),
(151058,'Janice','Tan','Operation Planning Team',4,3,'Singapore','Janice.Tan@allinone.com.sg',151408,2,'$2b$12$agWjFGi0AaStERzrWIncZe7B7Rc3DaBmSNo7QZ7/wa6HAyxyymMyO'),
(151118,'Oliver','Lim','Operation Planning Team',4,3,'Singapore','Oliver.Lim@allinone.com.sg',151408,2,'$2b$12$agWjFGi0AaStERzrWIncZe7B7Rc3DaBmSNo7QZ7/wa6HAyxyymMyO'),
(151146,'Janice','Lim','Operation Planning Team',4,3,'Singapore','Janice.Lim@allinone.com.sg',151408,2,'$2b$12$agWjFGi0AaStERzrWIncZe7B7Rc3DaBmSNo7QZ7/wa6HAyxyymMyO'),
(151198,'Michael','Tong','Operation Planning Team',4,3,'Singapore','Michael.Tong@allinone.com.sg',151408,2,'$2b$12$agWjFGi0AaStERzrWIncZe7B7Rc3DaBmSNo7QZ7/wa6HAyxyymMyO'),
(151266,'Noah','Tong','Operation Planning Team',4,3,'Singapore','Noah.Tong@allinone.com.sg',151408,2,'$2b$12$agWjFGi0AaStERzrWIncZe7B7Rc3DaBmSNo7QZ7/wa6HAyxyymMyO'),
(151288,'Mary','Heng','Operation Planning Team',4,3,'Singapore','Mary.Heng@allinone.com.sg',151408,2,'$2b$12$agWjFGi0AaStERzrWIncZe7B7Rc3DaBmSNo7QZ7/wa6HAyxyymMyO'),
(151407,'Oliver','Loh','Operation Planning Team',4,3,'Singapore','Oliver.Loh@allinone.com.sg',151408,2,'$2b$12$agWjFGi0AaStERzrWIncZe7B7Rc3DaBmSNo7QZ7/wa6HAyxyymMyO'),
(151441,'Minh','Hoang','Senior Engineers',4,3,'Singapore','Minh.Hoang@allinone.com.sg',151408,2,'$2b$12$agWjFGi0AaStERzrWIncZe7B7Rc3DaBmSNo7QZ7/wa6HAyxyymMyO'),
(151411,'Bao','Nguyen','Junior Engineers',4,3,'Singapore','Bao.Nguyen@allinone.com.sg',151408,2,'$2b$12$agWjFGi0AaStERzrWIncZe7B7Rc3DaBmSNo7QZ7/wa6HAyxyymMyO'),
(151412,'Wati','Halim','Junior Engineers',4,3,'Singapore','Wati.Halim@allinone.com.sg',151408,2,'$2b$12$agWjFGi0AaStERzrWIncZe7B7Rc3DaBmSNo7QZ7/wa6HAyxyymMyO'),
(151413,'Seng','Soeun','Junior Engineers',4,3,'Singapore','Seng.Soeun@allinone.com.sg',151408,2,'$2b$12$agWjFGi0AaStERzrWIncZe7B7Rc3DaBmSNo7QZ7/wa6HAyxyymMyO'),
(151452,'Rithya','Suon','Operation Planning Team',4,3,'Indonesia ','Rithya.Suon@allinone.com.id',151408,2,'$2b$12$agWjFGi0AaStERzrWIncZe7B7Rc3DaBmSNo7QZ7/wa6HAyxyymMyO'),
(151414,'Yun','Lee','Operation Planning Team',4,3,'Indonesia ','Yun.Lee@allinone.com.id',151408,2,'$2b$12$agWjFGi0AaStERzrWIncZe7B7Rc3DaBmSNo7QZ7/wa6HAyxyymMyO'),
(160008,'Sally','Loh','Director',5,1,'Singapore','Sally.Loh@allinone.com.sg',130002,1,'$2b$12$agWjFGi0AaStERzrWIncZe7B7Rc3DaBmSNo7QZ7/wa6HAyxyymMyO'),
(170166,'David','Yap','Director',6,1,'Singapore','David.Yap@allinone.com.sg',130002,1,'$2b$12$agWjFGi0AaStERzrWIncZe7B7Rc3DaBmSNo7QZ7/wa6HAyxyymMyO'),
(180001,'Ernst','Sim','Director',7,1,'Singapore','Ernst.Sim@allinone.com.sg',130002,1,'$2b$12$agWjFGi0AaStERzrWIncZe7B7Rc3DaBmSNo7QZ7/wa6HAyxyymMyO'),
(210001,'Peter','Yap','Director',8,'1','Singapore','Peter.aypallinone.com.sg',130002,1,'$2b$12$agWjFGi0AaStERzrWIncZe7B7Rc3DaBmSNo7QZ7/wa6HAyxyymMyO'),
(190019,'Heng','Sim','Developers',3,18,'Singapore','Heng.Sim@allinone.com.sg',150008,2,'$2b$12$agWjFGi0AaStERzrWIncZe7B7Rc3DaBmSNo7QZ7/wa6HAyxyymMyO'),
(190037,'Susi','Abdullah','Developers',3,18,'Singapore','Susi.Abdullah@allinone.com.sg',150008,2,'$2b$12$agWjFGi0AaStERzrWIncZe7B7Rc3DaBmSNo7QZ7/wa6HAyxyymMyO'),
(190059,'Phuc','Le','Support Team',3,18,'Singapore','Phuc.Le@allinone.com.sg',150008,2,'$2b$12$agWjFGi0AaStERzrWIncZe7B7Rc3DaBmSNo7QZ7/wa6HAyxyymMyO'),
(190067,'Minh','Ly','Support Team',3,18,'Malaysia','Minh.Ly@allinone.com.sg',150008,2,'$2b$12$agWjFGi0AaStERzrWIncZe7B7Rc3DaBmSNo7QZ7/wa6HAyxyymMyO'),
(190070,'Narah','Khun','Support Team',3,18,'Indonesia ','Narah.Khun@allinone.com.sg',150008,2,'$2b$12$agWjFGi0AaStERzrWIncZe7B7Rc3DaBmSNo7QZ7/wa6HAyxyymMyO'),
(190077,'Anhu','Pham','Support Team',3,18,'Vietnam','Anhu.Pham@allinone.com.sg',150008,2,'$2b$12$agWjFGi0AaStERzrWIncZe7B7Rc3DaBmSNo7QZ7/wa6HAyxyymMyO'),
(190086,'Hlaing','Situ','Support Team',3,18,'Hong Kong','Hlaing.Situ@allinone.com.sg',150008,2,'$2b$12$agWjFGi0AaStERzrWIncZe7B7Rc3DaBmSNo7QZ7/wa6HAyxyymMyO'),
(190093,'Chandra','Raj','Support Team',3,18,'Singapore','Chandra.Raj@allinone.com.sg',150008,2,'$2b$12$agWjFGi0AaStERzrWIncZe7B7Rc3DaBmSNo7QZ7/wa6HAyxyymMyO'),
(151505,'Thi','Lam','Junior Engineers',4,3,'Singapore','Thi.Lam@allinone.com.sg',151408,2,'$2b$12$agWjFGi0AaStERzrWIncZe7B7Rc3DaBmSNo7QZ7/wa6HAyxyymMyO'),
(151506,'Vannak','Sok','Junior Engineers',4,3,'Singapore','Vannak.Sok@allinone.com.sg',151408,2,'$2b$12$agWjFGi0AaStERzrWIncZe7B7Rc3DaBmSNo7QZ7/wa6HAyxyymMyO'),
(151507,'Phuong','Nguyen','Junior Engineers',4,3,'Singapore','Phuong.Nguyen@allinone.com.sg',151408,2,'$2b$12$agWjFGi0AaStERzrWIncZe7B7Rc3DaBmSNo7QZ7/wa6HAyxyymMyO'),
(151508,'Srey','Makara','Junior Engineers',4,3,'Singapore','Srey.Makara@allinone.com.sg',151408,2,'$2b$12$agWjFGi0AaStERzrWIncZe7B7Rc3DaBmSNo7QZ7/wa6HAyxyymMyO'),
(151509,'Hlaing','Kyaw','Junior Engineers',4,3,'Singapore','Hlaing.Kyaw@allinone.com.sg',151408,2,'$2b$12$agWjFGi0AaStERzrWIncZe7B7Rc3DaBmSNo7QZ7/wa6HAyxyymMyO'),
(151512,'Chin','Heng','Junior Engineers',4,3,'Singapore','Chin.Heng@allinone.com.sg',151408,2,'$2b$12$agWjFGi0AaStERzrWIncZe7B7Rc3DaBmSNo7QZ7/wa6HAyxyymMyO'),
(151514,'Somchai','Phan','Junior Engineers',4,3,'Singapore','Somchai.Phan@allinone.com.sg',151408,2,'$2b$12$agWjFGi0AaStERzrWIncZe7B7Rc3DaBmSNo7QZ7/wa6HAyxyymMyO'),
(151517,'Chinh','Tran','Junior Engineers',4,3,'Singapore','Chinh.Tran@allinone.com.sg',151408,2,'$2b$12$agWjFGi0AaStERzrWIncZe7B7Rc3DaBmSNo7QZ7/wa6HAyxyymMyO'),
(151518,'Yee','Liu','Call Centre',4,3,'Singapore','Yee.Liu@allinone.com.sg',151408,2,'$2b$12$agWjFGi0AaStERzrWIncZe7B7Rc3DaBmSNo7QZ7/wa6HAyxyymMyO'),
(151520,'Sokunthea','Soy','Call Centre',4,3,'Singapore','Sokunthea.Soy@allinone.com.sg',151408,2,'$2b$12$agWjFGi0AaStERzrWIncZe7B7Rc3DaBmSNo7QZ7/wa6HAyxyymMyO'),
(151521,'Champa','Thach','Call Centre',4,3,'Singapore','Champa.Thach@allinone.com.sg',151408,2,'$2b$12$agWjFGi0AaStERzrWIncZe7B7Rc3DaBmSNo7QZ7/wa6HAyxyymMyO'),
(151523,'Rahim','Ramli','Call Centre',4,3,'Singapore','Rahim.Ramli@allinone.com.sg',151408,2,'$2b$12$agWjFGi0AaStERzrWIncZe7B7Rc3DaBmSNo7QZ7/wa6HAyxyymMyO'),
(151524,'Hakim','Hassan','Call Centre',4,3,'Singapore','Hakim.Hassan@allinone.com.sg',151408,2,'$2b$12$agWjFGi0AaStERzrWIncZe7B7Rc3DaBmSNo7QZ7/wa6HAyxyymMyO'),
(151525,'Trung','Le','Call Centre',4,3,'Singapore','Trung.Le@allinone.com.sg',151408,2,'$2b$12$agWjFGi0AaStERzrWIncZe7B7Rc3DaBmSNo7QZ7/wa6HAyxyymMyO'),
(151526,'Seng','Chhour','Call Centre',4,3,'Singapore','Seng.Chhour@allinone.com.sg',151408,2,'$2b$12$agWjFGi0AaStERzrWIncZe7B7Rc3DaBmSNo7QZ7/wa6HAyxyymMyO'),
(151528,'Phuc','Phung','Call Centre',4,3,'Singapore','Phuc.Phung@allinone.com.sg',151408,2,'$2b$12$agWjFGi0AaStERzrWIncZe7B7Rc3DaBmSNo7QZ7/wa6HAyxyymMyO'),
(151533,'Soma','San','Call Centre',4,3,'Singapore','Soma.San@allinone.com.sg',151408,2,'$2b$12$agWjFGi0AaStERzrWIncZe7B7Rc3DaBmSNo7QZ7/wa6HAyxyymMyO'),
(151535,'Vannak','Soun','Call Centre',4,3,'Singapore','Vannak.Soun@allinone.com.sg',151408,2,'$2b$12$agWjFGi0AaStERzrWIncZe7B7Rc3DaBmSNo7QZ7/wa6HAyxyymMyO'),
(151536,'Kumara','Suon','Call Centre',4,3,'Singapore','Kumara.Suon@allinone.com.sg',151408,2,'$2b$12$agWjFGi0AaStERzrWIncZe7B7Rc3DaBmSNo7QZ7/wa6HAyxyymMyO'),
(151539,'Siti','Yusof','Junior Engineers',4,3,'Singapore','Siti.Yusof@allinone.com.sg',151408,2,'$2b$12$agWjFGi0AaStERzrWIncZe7B7Rc3DaBmSNo7QZ7/wa6HAyxyymMyO'),
(151540,'Chanh','Sin','Junior Engineers',4,3,'Singapore','Chanh.Sin@allinone.com.sg',151408,2,'$2b$12$agWjFGi0AaStERzrWIncZe7B7Rc3DaBmSNo7QZ7/wa6HAyxyymMyO'),
(151541,'Anhu','Tran','Junior Engineers',4,3,'Singapore','Anhu.Tran@allinone.com.sg',151408,2,'$2b$12$agWjFGi0AaStERzrWIncZe7B7Rc3DaBmSNo7QZ7/wa6HAyxyymMyO'),
(151543,'Priya','Krishnan','Junior Engineers',4,3,'Singapore','Priya.Krishnan@allinone.com.sg',151408,2,'$2b$12$agWjFGi0AaStERzrWIncZe7B7Rc3DaBmSNo7QZ7/wa6HAyxyymMyO'),
(151544,'Nanda','Lal','Junior Engineers',4,3,'Singapore','Nanda.Lal@allinone.com.sg',151408,2,'$2b$12$agWjFGi0AaStERzrWIncZe7B7Rc3DaBmSNo7QZ7/wa6HAyxyymMyO'),
(151545,'Rithy','Khun','Junior Engineers',4,3,'Singapore','Rithy.Khun@allinone.com.sg',151408,2,'$2b$12$agWjFGi0AaStERzrWIncZe7B7Rc3DaBmSNo7QZ7/wa6HAyxyymMyO'),
(151547,'Koh','Loo','Junior Engineers',4,3,'Singapore','Koh.Loo@allinone.com.sg',151408,2,'$2b$12$agWjFGi0AaStERzrWIncZe7B7Rc3DaBmSNo7QZ7/wa6HAyxyymMyO'),
(151549,'Kumari','Pillai','Junior Engineers',4,3,'Singapore','Kumari.Pillai@allinone.com.sg',151408,2,'$2b$12$agWjFGi0AaStERzrWIncZe7B7Rc3DaBmSNo7QZ7/wa6HAyxyymMyO'),
(151556,'Thi','Ling','Junior Engineers',4,3,'Singapore','Thi.Ling@allinone.com.sg',151408,2,'$2b$12$agWjFGi0AaStERzrWIncZe7B7Rc3DaBmSNo7QZ7/wa6HAyxyymMyO'),
(151558,'Vannak','Seng','Junior Engineers',4,3,'Singapore','Vannak.Seng@allinone.com.sg',151408,2,'$2b$12$agWjFGi0AaStERzrWIncZe7B7Rc3DaBmSNo7QZ7/wa6HAyxyymMyO'),
(151560,'Somchai','Kong','Junior Engineers',4,3,'Singapore','Somchai.Kong@allinone.com.sg',151408,2,'$2b$12$agWjFGi0AaStERzrWIncZe7B7Rc3DaBmSNo7QZ7/wa6HAyxyymMyO'),
(151561,'Rath','Khun','Junior Engineers',4,3,'Singapore','Rath.Khun@allinone.com.sg',151408,2,'$2b$12$agWjFGi0AaStERzrWIncZe7B7Rc3DaBmSNo7QZ7/wa6HAyxyymMyO'),
(151562,'Chinh','Nguyen','Call Centre',4,3,'Singapore','Chinh.Nguyen@allinone.com.sg',151408,2,'$2b$12$agWjFGi0AaStERzrWIncZe7B7Rc3DaBmSNo7QZ7/wa6HAyxyymMyO'),
(151563,'Yee','Chong','Call Centre',4,3,'Singapore','Yee.Chong@allinone.com.sg',151408,2,'$2b$12$agWjFGi0AaStERzrWIncZe7B7Rc3DaBmSNo7QZ7/wa6HAyxyymMyO'),
(151564,'Heng','Phal','Call Centre',4,3,'Singapore','Heng.Phal@allinone.com.sg',151408,2,'$2b$12$agWjFGi0AaStERzrWIncZe7B7Rc3DaBmSNo7QZ7/wa6HAyxyymMyO'),
(151567,'Sokunthea','Seng','Call Centre',4,3,'Singapore','Sokunthea.Seng@allinone.com.sg',151408,2,'$2b$12$agWjFGi0AaStERzrWIncZe7B7Rc3DaBmSNo7QZ7/wa6HAyxyymMyO'),
(151570,'Rahim','Harun','Call Centre',4,3,'Singapore','Rahim.Harun@allinone.com.sg',151408,2,'$2b$12$agWjFGi0AaStERzrWIncZe7B7Rc3DaBmSNo7QZ7/wa6HAyxyymMyO'),
(151573,'Trung','Nguyen','Call Centre',4,3,'Singapore','Trung.Nguyen@allinone.com.sg',151408,2,'$2b$12$agWjFGi0AaStERzrWIncZe7B7Rc3DaBmSNo7QZ7/wa6HAyxyymMyO'),
(151575,'Narong','Savoeun','Call Centre',4,3,'Singapore','Narong.Savoeun@allinone.com.sg',151408,2,'$2b$12$agWjFGi0AaStERzrWIncZe7B7Rc3DaBmSNo7QZ7/wa6HAyxyymMyO'),
(151576,'Phuc','Luong','Call Centre',4,3,'Singapore','Phuc.Luong@allinone.com.sg',151408,2,'$2b$12$agWjFGi0AaStERzrWIncZe7B7Rc3DaBmSNo7QZ7/wa6HAyxyymMyO'),
(151579,'Soma','Voeun','Call Centre',4,3,'Singapore','Soma.Voeun@allinone.com.sg',151408,2,'$2b$12$agWjFGi0AaStERzrWIncZe7B7Rc3DaBmSNo7QZ7/wa6HAyxyymMyO'),
(151580,'Siv','Sothea','Call Centre',4,3,'Singapore','Siv.Sothea@allinone.com.sg',151408,2,'$2b$12$agWjFGi0AaStERzrWIncZe7B7Rc3DaBmSNo7QZ7/wa6HAyxyymMyO'),
(151581,'Vannak','Samnang','Call Centre',4,3,'Singapore','Vannak.Samnang@allinone.com.sg',151408,2,'$2b$12$agWjFGi0AaStERzrWIncZe7B7Rc3DaBmSNo7QZ7/wa6HAyxyymMyO'),
(151582,'Kumara','Sareth','Call Centre',4,3,'Singapore','Kumara.Sareth@allinone.com.sg',151408,2,'$2b$12$agWjFGi0AaStERzrWIncZe7B7Rc3DaBmSNo7QZ7/wa6HAyxyymMyO'),
(151583,'Sok','Kheng','Call Centre',4,3,'Singapore','Sok.Kheng@allinone.com.sg',151408,2,'$2b$12$agWjFGi0AaStERzrWIncZe7B7Rc3DaBmSNo7QZ7/wa6HAyxyymMyO'),
(151584,'Siti','Yusuf','Call Centre',4,3,'Singapore','Siti.Yusuf@allinone.com.sg',151408,2,'$2b$12$agWjFGi0AaStERzrWIncZe7B7Rc3DaBmSNo7QZ7/wa6HAyxyymMyO'),
(151589,'Anh','Van','Junior Engineers',4,3,'Singapore','Anh.Van@allinone.com.sg',151408,2,'$2b$12$agWjFGi0AaStERzrWIncZe7B7Rc3DaBmSNo7QZ7/wa6HAyxyymMyO'),
(151590,'Priya','Kumar','Junior Engineers',4,3,'Malaysia','Priya.Kumar@allinone.com.my',151408,2,'$2b$12$agWjFGi0AaStERzrWIncZe7B7Rc3DaBmSNo7QZ7/wa6HAyxyymMyO'),
(151591,'Nanda','Kesavan','Junior Engineers',4,3,'Singapore','Nanda.Kesavan@allinone.com.sg',151408,2,'$2b$12$agWjFGi0AaStERzrWIncZe7B7Rc3DaBmSNo7QZ7/wa6HAyxyymMyO'),
(151595,'Mani','Devi','Junior Engineers',4,3,'Singapore','Mani.Devi@allinone.com.sg',151408,2,'$2b$12$agWjFGi0AaStERzrWIncZe7B7Rc3DaBmSNo7QZ7/wa6HAyxyymMyO'),
(151596,'Koh','Seng','Junior Engineers',4,3,'Singapore','Koh.Seng@allinone.com.sg',151408,2,'$2b$12$agWjFGi0AaStERzrWIncZe7B7Rc3DaBmSNo7QZ7/wa6HAyxyymMyO'),
(151598,'Kumaru','Pillai','Junior Engineers',4,3,'Singapore','Kumaru.Pillai@allinone.com.sg',151408,2,'$2b$12$agWjFGi0AaStERzrWIncZe7B7Rc3DaBmSNo7QZ7/wa6HAyxyymMyO'),
(151439,'Ji','Han','Senior Engineers',4,3,'Vietnam','Ji.Han@allinone.com.vn',151408,2,'$2b$12$agWjFGi0AaStERzrWIncZe7B7Rc3DaBmSNo7QZ7/wa6HAyxyymMyO'),
(151443,'Anil','Kumar','Senior Engineers',4,3,'Hong Kong','Anil.Kumar@allinone.com.hk',151408,2,'$2b$12$agWjFGi0AaStERzrWIncZe7B7Rc3DaBmSNo7QZ7/wa6HAyxyymMyO'),
(151457,'Chandra','Pandey','Senior Engineers',4,3,'Malaysia','Chandra.Pandey@allinone.com.my',151408,2,'$2b$12$agWjFGi0AaStERzrWIncZe7B7Rc3DaBmSNo7QZ7/wa6HAyxyymMyO'),
(151471,'Chanh','Ly','Senior Engineers',4,3,'Singapore','Chanh.Ly@allinone.com.sg',151408,2,'$2b$12$agWjFGi0AaStERzrWIncZe7B7Rc3DaBmSNo7QZ7/wa6HAyxyymMyO'),
(151600,'Narong','Chua','Senior Engineers',4,3,'Singapore','Narong.Chua@allinone.com.sg',151408,2,'$2b$12$agWjFGi0AaStERzrWIncZe7B7Rc3DaBmSNo7QZ7/wa6HAyxyymMyO'),
(151601,'Thi Mih','Ling','Operation Planning Team',4,3,'Singapore','ThiMih.Ling@allinone.com.sg',151408,2,'$2b$12$agWjFGi0AaStERzrWIncZe7B7Rc3DaBmSNo7QZ7/wa6HAyxyymMyO'),
(151602,'Vannah','Seng','Operation Planning Team',4,3,'Singapore','Vannah.Seng@allinone.com.sg',151408,2,'$2b$12$agWjFGi0AaStERzrWIncZe7B7Rc3DaBmSNo7QZ7/wa6HAyxyymMyO'),
(151603,'Phuong','Truong','Operation Planning Team',4,3,'Singapore','Phuong.Truong@allinone.com.sg',151408,2,'$2b$12$agWjFGi0AaStERzrWIncZe7B7Rc3DaBmSNo7QZ7/wa6HAyxyymMyO'),
(151418,'Chandara','Khun','Senior Engineers',4,3,'Vietnam','Chandara.Khun@allinone.com.vn',151408,2,'$2b$12$agWjFGi0AaStERzrWIncZe7B7Rc3DaBmSNo7QZ7/wa6HAyxyymMyO'),
(151459,'Phalla','Yong','Junior Engineers',4,3,'Vietnam','Phalla.Yong@allinone.com.vn',151408,2,'$2b$12$agWjFGi0AaStERzrWIncZe7B7Rc3DaBmSNo7QZ7/wa6HAyxyymMyO'),
(151481,'Phuc','Lam','Junior Engineers',4,3,'Vietnam','Phuc.Lam@allinone.com.vn',151408,2,'$2b$12$agWjFGi0AaStERzrWIncZe7B7Rc3DaBmSNo7QZ7/wa6HAyxyymMyO'),
(151498,'Mani','Prasad','Junior Engineers',4,3,'Vietnam','Mani.Prasad@allinone.com.vn',151408,2,'$2b$12$agWjFGi0AaStERzrWIncZe7B7Rc3DaBmSNo7QZ7/wa6HAyxyymMyO'),
(151515,'Rath','Sim','Junior Engineers',4,3,'Vietnam','Rath.Sim@allinone.com.vn',151408,2,'$2b$12$agWjFGi0AaStERzrWIncZe7B7Rc3DaBmSNo7QZ7/wa6HAyxyymMyO'),
(151534,'Siv','Savuth','Junior Engineers',4,3,'Vietnam','Siv.Savuth@allinone.com.vn',151408,2,'$2b$12$agWjFGi0AaStERzrWIncZe7B7Rc3DaBmSNo7QZ7/wa6HAyxyymMyO'),
(151550,'Narong','Chua','Junior Engineers',4,3,'Vietnam','Narong.Chua@allinone.com.vn',151408,2,'$2b$12$agWjFGi0AaStERzrWIncZe7B7Rc3DaBmSNo7QZ7/wa6HAyxyymMyO'),
(151574,'Seng','Sao','Junior Engineers',4,3,'Vietnam','Seng.Sao@allinone.com.vn',151408,2,'$2b$12$agWjFGi0AaStERzrWIncZe7B7Rc3DaBmSNo7QZ7/wa6HAyxyymMyO'),
(151593,'Rithy','Sok','Junior Engineers',4,3,'Vietnam','Rithy.Sok@allinone.com.vn',151408,2,'$2b$12$agWjFGi0AaStERzrWIncZe7B7Rc3DaBmSNo7QZ7/wa6HAyxyymMyO'),
(151610,'Somchai','Kong','Junior Engineers',4,3,'Vietnam','Somchai.Kong@allinone.com.vn',151408,2,'$2b$12$agWjFGi0AaStERzrWIncZe7B7Rc3DaBmSNo7QZ7/wa6HAyxyymMyO'),
(151415,'Aung','Tun','Junior Engineers',4,3,'Singapore','Aung.Tun@allinone.com.sg',151408,2,'$2b$12$agWjFGi0AaStERzrWIncZe7B7Rc3DaBmSNo7QZ7/wa6HAyxyymMyO'),
(151417,'Pich','Sun','Junior Engineers',4,3,'Singapore','Pich.Sun@allinone.com.sg',151408,2,'$2b$12$agWjFGi0AaStERzrWIncZe7B7Rc3DaBmSNo7QZ7/wa6HAyxyymMyO'),
(151419,'Heng','Heng','Junior Engineers',4,3,'Singapore','Heng.Heng@allinone.com.sg',151408,2,'$2b$12$agWjFGi0AaStERzrWIncZe7B7Rc3DaBmSNo7QZ7/wa6HAyxyymMyO'),
(151420,'Siti','Ismail','Junior Engineers',4,3,'Singapore','Siti.Ismail@allinone.com.sg',151408,2,'$2b$12$agWjFGi0AaStERzrWIncZe7B7Rc3DaBmSNo7QZ7/wa6HAyxyymMyO'),
(151426,'Trung','Trinh','Junior Engineers',4,3,'Singapore','Trung.Trinh@allinone.com.sg',151408,2,'$2b$12$agWjFGi0AaStERzrWIncZe7B7Rc3DaBmSNo7QZ7/wa6HAyxyymMyO'),
(151427,'Rahul','Sharma','Junior Engineers',4,3,'Singapore','Rahul.Sharma@allinone.com.sg',151408,2,'$2b$12$agWjFGi0AaStERzrWIncZe7B7Rc3DaBmSNo7QZ7/wa6HAyxyymMyO'),
(151428,'Champa','Thao','Junior Engineers',4,3,'Singapore','Champa.Thao@allinone.com.sg',151408,2,'$2b$12$agWjFGi0AaStERzrWIncZe7B7Rc3DaBmSNo7QZ7/wa6HAyxyymMyO'),
(151430,'Rithy','Chheng','Junior Engineers',4,3,'Singapore','Rithy.Chheng@allinone.com.sg',151408,2,'$2b$12$agWjFGi0AaStERzrWIncZe7B7Rc3DaBmSNo7QZ7/wa6HAyxyymMyO'),
(151431,'Mani','Raj','Junior Engineers',4,3,'Singapore','Mani.Raj@allinone.com.sg',151408,2,'$2b$12$agWjFGi0AaStERzrWIncZe7B7Rc3DaBmSNo7QZ7/wa6HAyxyymMyO'),
(151432,'Sokunthea','Phan','Junior Engineers',4,3,'Singapore','Sokunthea.Phan@allinone.com.sg',151408,2,'$2b$12$agWjFGi0AaStERzrWIncZe7B7Rc3DaBmSNo7QZ7/wa6HAyxyymMyO'),
(151435,'Somnang','Suon','Junior Engineers',4,3,'Singapore','Somnang.Suon@allinone.com.sg',151408,2,'$2b$12$agWjFGi0AaStERzrWIncZe7B7Rc3DaBmSNo7QZ7/wa6HAyxyymMyO'),
(151438,'Rath','Phan','Junior Engineers',4,3,'Singapore','Rath.Phan@allinone.com.sg',151408,2,'$2b$12$agWjFGi0AaStERzrWIncZe7B7Rc3DaBmSNo7QZ7/wa6HAyxyymMyO'),
(151440,'Sok','Pich','Junior Engineers',4,3,'Singapore','Sok.Pich@allinone.com.sg',151408,2,'$2b$12$agWjFGi0AaStERzrWIncZe7B7Rc3DaBmSNo7QZ7/wa6HAyxyymMyO'),
(151425,'Thuy','Phan','Senior Engineers',4,3,'Hong Kong','Thuy.Phan@allinone.com.hk',151408,2,'$2b$12$agWjFGi0AaStERzrWIncZe7B7Rc3DaBmSNo7QZ7/wa6HAyxyymMyO'),
(151466,'Siv','Sun','Junior Engineers',4,3,'Hong Kong','Siv.Sun@allinone.com.hk',151408,2,'$2b$12$agWjFGi0AaStERzrWIncZe7B7Rc3DaBmSNo7QZ7/wa6HAyxyymMyO'),
(151484,'Phanith','Sok','Junior Engineers',4,3,'Hong Kong','Phanith.Sok@allinone.com.hk',151408,2,'$2b$12$agWjFGi0AaStERzrWIncZe7B7Rc3DaBmSNo7QZ7/wa6HAyxyymMyO'),
(151502,'Kumari','Devi','Junior Engineers',4,3,'Hong Kong','Kumari.Devi@allinone.com.hk',151408,2,'$2b$12$agWjFGi0AaStERzrWIncZe7B7Rc3DaBmSNo7QZ7/wa6HAyxyymMyO'),
(151519,'Heng','Chhour','Junior Engineers',4,3,'Hong Kong','Heng.Chhour@allinone.com.hk',151408,2,'$2b$12$agWjFGi0AaStERzrWIncZe7B7Rc3DaBmSNo7QZ7/wa6HAyxyymMyO'),
(151537,'Sok','Mao','Junior Engineers',4,3,'Hong Kong','Sok.Mao@allinone.com.hk',151408,2,'$2b$12$agWjFGi0AaStERzrWIncZe7B7Rc3DaBmSNo7QZ7/wa6HAyxyymMyO'),
(151559,'Nara','Loo','Junior Engineers',4,3,'Hong Kong','Nara.Loo@allinone.com.hk',151408,2,'$2b$12$agWjFGi0AaStERzrWIncZe7B7Rc3DaBmSNo7QZ7/wa6HAyxyymMyO'),
(151578,'Chandara','Tith','Junior Engineers',4,3,'Hong Kong','Chandara.Tith@allinone.com.hk',151408,2,'$2b$12$agWjFGi0AaStERzrWIncZe7B7Rc3DaBmSNo7QZ7/wa6HAyxyymMyO'),
(151597,'Arifin','Saputra','Junior Engineers',4,3,'Hong Kong','Arifin.Saputra@allinone.com.hk',151408,2,'$2b$12$agWjFGi0AaStERzrWIncZe7B7Rc3DaBmSNo7QZ7/wa6HAyxyymMyO'),
(151613,'Yee','Chong','Junior Engineers',4,3,'Hong Kong','Yee.Chong@allinone.com.hk',151408,2,'$2b$12$agWjFGi0AaStERzrWIncZe7B7Rc3DaBmSNo7QZ7/wa6HAyxyymMyO'),
(151433,'Mani','Devi','Operation Planning Team',4,3,'Indonesia ','Mani.Devi@allinone.com.id',151408,2,'$2b$12$agWjFGi0AaStERzrWIncZe7B7Rc3DaBmSNo7QZ7/wa6HAyxyymMyO'),
(151476,'Hakim','Rahman','Operation Planning Team',4,3,'Indonesia ','Hakim.Rahman@allinone.com.id',151408,2,'$2b$12$agWjFGi0AaStERzrWIncZe7B7Rc3DaBmSNo7QZ7/wa6HAyxyymMyO'),
(151493,'Boun','Sok','Operation Planning Team',4,3,'Indonesia ','Boun.Sok@allinone.com.id',151408,2,'$2b$12$agWjFGi0AaStERzrWIncZe7B7Rc3DaBmSNo7QZ7/wa6HAyxyymMyO'),
(151510,'Anh','Ly','Operation Planning Team',4,3,'Indonesia ','Anh.Ly@allinone.com.id',151408,2,'$2b$12$agWjFGi0AaStERzrWIncZe7B7Rc3DaBmSNo7QZ7/wa6HAyxyymMyO'),
(151527,'Narong','Mao','Operation Planning Team',4,3,'Indonesia ','Narong.Mao@allinone.com.id',151408,2,'$2b$12$agWjFGi0AaStERzrWIncZe7B7Rc3DaBmSNo7QZ7/wa6HAyxyymMyO'),
(151546,'Mani','Choudhury','Operation Planning Team',4,3,'Indonesia ','Mani.Choudhury@allinone.com.id',151408,2,'$2b$12$agWjFGi0AaStERzrWIncZe7B7Rc3DaBmSNo7QZ7/wa6HAyxyymMyO'),
(151568,'Champa','Pheap','Operation Planning Team',4,3,'Indonesia ','Champa.Pheap@allinone.com.id',151408,2,'$2b$12$agWjFGi0AaStERzrWIncZe7B7Rc3DaBmSNo7QZ7/wa6HAyxyymMyO'),
(151585,'Chanh','Tith','Operation Planning Team',4,3,'Indonesia ','Chanh.Tith@allinone.com.id',151408,2,'$2b$12$agWjFGi0AaStERzrWIncZe7B7Rc3DaBmSNo7QZ7/wa6HAyxyymMyO'),
(151416,'Vannak','Chen','Senior Engineers',4,3,'Malaysia','Vannak.Chen@allinone.com.my',151408,2,'$2b$12$agWjFGi0AaStERzrWIncZe7B7Rc3DaBmSNo7QZ7/wa6HAyxyymMyO'),
(151436,'Samsul','Rahman','Junior Engineers',4,3,'Malaysia','Samsul.Rahman@allinone.com.my',151408,2,'$2b$12$agWjFGi0AaStERzrWIncZe7B7Rc3DaBmSNo7QZ7/wa6HAyxyymMyO'),
(151479,'Narong','Chen','Junior Engineers',4,3,'Malaysia','Narong.Chen@allinone.com.my',151408,2,'$2b$12$agWjFGi0AaStERzrWIncZe7B7Rc3DaBmSNo7QZ7/wa6HAyxyymMyO'),
(151495,'Samsul','Saifullah','Junior Engineers',4,3,'Malaysia','Samsul.Saifullah@allinone.com.my',151408,2,'$2b$12$agWjFGi0AaStERzrWIncZe7B7Rc3DaBmSNo7QZ7/wa6HAyxyymMyO'),
(151513,'Nara','Yong','Junior Engineers',4,3,'Malaysia','Nara.Yong@allinone.com.my',151408,2,'$2b$12$agWjFGi0AaStERzrWIncZe7B7Rc3DaBmSNo7QZ7/wa6HAyxyymMyO'),
(151531,'Chandara','Sin','Junior Engineers',4,3,'Malaysia','Chandara.Sin@allinone.com.my',151408,2,'$2b$12$agWjFGi0AaStERzrWIncZe7B7Rc3DaBmSNo7QZ7/wa6HAyxyymMyO'),
(151548,'Arifin','Bakar','Junior Engineers',4,3,'Malaysia','Arifin.Bakar@allinone.com.my',151408,2,'$2b$12$agWjFGi0AaStERzrWIncZe7B7Rc3DaBmSNo7QZ7/wa6HAyxyymMyO'),
(151571,'Hakim','Sulaiman','Junior Engineers',4,3,'Malaysia','Hakim.Sulaiman@allinone.com.my',151408,2,'$2b$12$agWjFGi0AaStERzrWIncZe7B7Rc3DaBmSNo7QZ7/wa6HAyxyymMyO'),
(151444,'Chinh','Le','Senior Engineers',4,3,'Singapore','Chinh.Le@allinone.com.sg',151408,2,'$2b$12$agWjFGi0AaStERzrWIncZe7B7Rc3DaBmSNo7QZ7/wa6HAyxyymMyO'),
(151446,'Seng','Seng','Junior Engineers',4,3,'Singapore','Seng.Seng@allinone.com.sg',151408,2,'$2b$12$agWjFGi0AaStERzrWIncZe7B7Rc3DaBmSNo7QZ7/wa6HAyxyymMyO'),
(151447,'Nandah','Kesavan','Junior Engineers',4,3,'Singapore','Nandah.Kesavan@allinone.com.sg',151408,2,'$2b$12$agWjFGi0AaStERzrWIncZe7B7Rc3DaBmSNo7QZ7/wa6HAyxyymMyO'),
(151448,'Amirah','Ahmad','Junior Engineers',4,3,'Singapore','Amirah.Ahmad@allinone.com.sg',151408,2,'$2b$12$agWjFGi0AaStERzrWIncZe7B7Rc3DaBmSNo7QZ7/wa6HAyxyymMyO'),
(151450,'Sokly','Sok','Junior Engineers',4,3,'Singapore','Sokly.Sok@allinone.com.sg',151408,2,'$2b$12$agWjFGi0AaStERzrWIncZe7B7Rc3DaBmSNo7QZ7/wa6HAyxyymMyO'),
(151451,'Trung','Pham','Junior Engineers',4,3,'Singapore','Trung.Pham@allinone.com.sg',151408,2,'$2b$12$agWjFGi0AaStERzrWIncZe7B7Rc3DaBmSNo7QZ7/wa6HAyxyymMyO'),
(151456,'Phuc','Vo','Junior Engineers',4,3,'Singapore','Phuc.Vo@allinone.com.sg',151408,2,'$2b$12$agWjFGi0AaStERzrWIncZe7B7Rc3DaBmSNo7QZ7/wa6HAyxyymMyO'),
(151458,'Manoj','Singh','Junior Engineers',4,3,'Singapore','Manoj.Singh@allinone.com.sg',151408,2,'$2b$12$agWjFGi0AaStERzrWIncZe7B7Rc3DaBmSNo7QZ7/wa6HAyxyymMyO'),
(151464,'Chhaya','Sou','Junior Engineers',4,3,'Singapore','Chhaya.Sou@allinone.com.sg',151408,2,'$2b$12$agWjFGi0AaStERzrWIncZe7B7Rc3DaBmSNo7QZ7/wa6HAyxyymMyO'),
(151465,'Soma','Lim','Junior Engineers',4,3,'Singapore','Soma.Lim@allinone.com.sg',151408,2,'$2b$12$agWjFGi0AaStERzrWIncZe7B7Rc3DaBmSNo7QZ7/wa6HAyxyymMyO'),
(151467,'Vannak','Mao','Junior Engineers',4,3,'Singapore','Vannak.Mao@allinone.com.sg',151408,2,'$2b$12$agWjFGi0AaStERzrWIncZe7B7Rc3DaBmSNo7QZ7/wa6HAyxyymMyO'),
(151468,'Kumara','Seng','Junior Engineers',4,3,'Singapore','Kumara.Seng@allinone.com.sg',151408,2,'$2b$12$agWjFGi0AaStERzrWIncZe7B7Rc3DaBmSNo7QZ7/wa6HAyxyymMyO'),
(151469,'Sok','Heng','Junior Engineers',4,3,'Singapore','Sok.Heng@allinone.com.sg',151408,2,'$2b$12$agWjFGi0AaStERzrWIncZe7B7Rc3DaBmSNo7QZ7/wa6HAyxyymMyO'),
(151470,'Siti','Saad','Junior Engineers',4,3,'Singapore','Siti.Saad@allinone.com.sg',151408,2,'$2b$12$agWjFGi0AaStERzrWIncZe7B7Rc3DaBmSNo7QZ7/wa6HAyxyymMyO'),
(151472,'Anh','Truong','Junior Engineers',4,3,'Singapore','Anh.Truong@allinone.com.sg',151408,2,'$2b$12$agWjFGi0AaStERzrWIncZe7B7Rc3DaBmSNo7QZ7/wa6HAyxyymMyO'),
(151477,'Priya','Kaur','Junior Engineers',4,3,'Singapore','Priya.Kaur@allinone.com.sg',151408,2,'$2b$12$agWjFGi0AaStERzrWIncZe7B7Rc3DaBmSNo7QZ7/wa6HAyxyymMyO'),
(151480,'Rin','Sok','Junior Engineers',4,3,'Singapore','Rin.Sok@allinone.com.sg',151408,2,'$2b$12$agWjFGi0AaStERzrWIncZe7B7Rc3DaBmSNo7QZ7/wa6HAyxyymMyO'),
(151482,'Sok','Chin','Junior Engineers',4,3,'Singapore','Sok.Chin@allinone.com.sg',151408,2,'$2b$12$agWjFGi0AaStERzrWIncZe7B7Rc3DaBmSNo7QZ7/wa6HAyxyymMyO'),
(151483,'Chandara','Kong','Junior Engineers',4,3,'Singapore','Chandara.Kong@allinone.com.sg',151408,2,'$2b$12$agWjFGi0AaStERzrWIncZe7B7Rc3DaBmSNo7QZ7/wa6HAyxyymMyO'),
(151485,'Heng Meng','Sim','Junior Engineers',4,3,'Singapore','HengMeng.Sim@allinone.com.sg',151408,2,'$2b$12$agWjFGi0AaStERzrWIncZe7B7Rc3DaBmSNo7QZ7/wa6HAyxyymMyO'),
(151487,'Nanda','Devan','Junior Engineers',4,3,'Singapore','Nanda.Devan@allinone.com.sg',151408,2,'$2b$12$agWjFGi0AaStERzrWIncZe7B7Rc3DaBmSNo7QZ7/wa6HAyxyymMyO'),
(151488,'Pich','Phan','Junior Engineers',4,3,'Singapore','Pich.Phan@allinone.com.sg',151408,2,'$2b$12$agWjFGi0AaStERzrWIncZe7B7Rc3DaBmSNo7QZ7/wa6HAyxyymMyO'),
(151489,'Anil','Sarawat','Junior Engineers',4,3,'Singapore','Anil.Sarawat@allinone.com.sg',151408,2,'$2b$12$agWjFGi0AaStERzrWIncZe7B7Rc3DaBmSNo7QZ7/wa6HAyxyymMyO'),
(151491,'Nguyen','Tuan','Junior Engineers',4,3,'Singapore','Nguyen.Tuan@allinone.com.sg',151408,2,'$2b$12$agWjFGi0AaStERzrWIncZe7B7Rc3DaBmSNo7QZ7/wa6HAyxyymMyO'),
(151492,'Bao','Kim','Junior Engineers',4,3,'Singapore','Bao.Kim@allinone.com.sg',151408,2,'$2b$12$agWjFGi0AaStERzrWIncZe7B7Rc3DaBmSNo7QZ7/wa6HAyxyymMyO'),
(151494,'Soma','Khun','Junior Engineers',4,3,'Singapore','Soma.Khun@allinone.com.sg',151408,2,'$2b$12$agWjFGi0AaStERzrWIncZe7B7Rc3DaBmSNo7QZ7/wa6HAyxyymMyO'),
(151496,'Rina','Li','Junior Engineers',4,3,'Singapore','Rina.Li@allinone.com.sg',151408,2,'$2b$12$agWjFGi0AaStERzrWIncZe7B7Rc3DaBmSNo7QZ7/wa6HAyxyymMyO'),
(151499,'Koh Mong','Seng','Junior Engineers',4,3,'Singapore','KohMong.Seng@allinone.com.sg',151408,2,'$2b$12$agWjFGi0AaStERzrWIncZe7B7Rc3DaBmSNo7QZ7/wa6HAyxyymMyO'),
(151500,'Arifin','Siregar','Junior Engineers',4,3,'Singapore','Arifin.Siregar@allinone.com.sg',151408,2,'$2b$12$agWjFGi0AaStERzrWIncZe7B7Rc3DaBmSNo7QZ7/wa6HAyxyymMyO'),
(151503,'Narong','Khun','Junior Engineers',4,3,'Singapore','Narong.Khun@allinone.com.sg',151408,2,'$2b$12$agWjFGi0AaStERzrWIncZe7B7Rc3DaBmSNo7QZ7/wa6HAyxyymMyO'),
(151605,'Srey','Suon','Junior Engineers',4,3,'Singapore','Srey.Suon@allinone.com.sg',151408,2,'$2b$12$agWjFGi0AaStERzrWIncZe7B7Rc3DaBmSNo7QZ7/wa6HAyxyymMyO'),
(151606,'Hlaing','Myat','Junior Engineers',4,3,'Indonesia ','Hlaing.Myat@allinone.com.id',151408,2,'$2b$12$agWjFGi0AaStERzrWIncZe7B7Rc3DaBmSNo7QZ7/wa6HAyxyymMyO'),
(151607,'Anh','Vo','Junior Engineers',4,3,'Singapore','Anh.Vo@allinone.com.sg',151408,2,'$2b$12$agWjFGi0AaStERzrWIncZe7B7Rc3DaBmSNo7QZ7/wa6HAyxyymMyO'),
(151608,'Chin','Chen','Junior Engineers',4,3,'Malaysia','Chin.Chen@allinone.com.my',151408,2,'$2b$12$agWjFGi0AaStERzrWIncZe7B7Rc3DaBmSNo7QZ7/wa6HAyxyymMyO'),
(151609,'Nara','Loo','Junior Engineers',4,3,'Singapore','Nara.Loo@allinone.com.sg',151408,2,'$2b$12$agWjFGi0AaStERzrWIncZe7B7Rc3DaBmSNo7QZ7/wa6HAyxyymMyO'),
(151611,'Rith','Khun','Junior Engineers',4,3,'Singapore','Rith.Khun@allinone.com.sg',151408,2,'$2b$12$agWjFGi0AaStERzrWIncZe7B7Rc3DaBmSNo7QZ7/wa6HAyxyymMyO'),
(151612,'Chinu','Nguyen','Junior Engineers',4,3,'Singapore','Chinu.Nguyen@allinone.com.sg',151408,2,'$2b$12$agWjFGi0AaStERzrWIncZe7B7Rc3DaBmSNo7QZ7/wa6HAyxyymMyO'),
(160075,'James','Tan','HR Team',5,10,'Singapore','James.Tan@allinone.com.sg',160008,1,'$2b$12$agWjFGi0AaStERzrWIncZe7B7Rc3DaBmSNo7QZ7/wa6HAyxyymMyO'),
(160302,'Kumar','Sareth','HR Team',5,10,'Singapore','Kumar.Sareth@allinone.com.sg',160008,1,'$2b$12$agWjFGi0AaStERzrWIncZe7B7Rc3DaBmSNo7QZ7/wa6HAyxyymMyO'),
(160306,'An','Van','LD Team',5,10,'Singapore','An.Van@allinone.com.sg',160008,2,'$2b$12$agWjFGi0AaStERzrWIncZe7B7Rc3DaBmSNo7QZ7/wa6HAyxyymMyO'),
(160318,'Nurong','Chua','Admin Team',5,10,'Singapore','Nurong.Chua@allinone.com.sg',160008,2,'$2b$12$agWjFGi0AaStERzrWIncZe7B7Rc3DaBmSNo7QZ7/wa6HAyxyymMyO'),
(160328,'Hlaing','Myat','LD Team',5,10,'Singapore','Hlaing.Myat@allinone.com.sg',160008,2,'$2b$12$agWjFGi0AaStERzrWIncZe7B7Rc3DaBmSNo7QZ7/wa6HAyxyymMyO'),
(160335,'Yee Meng','Chong','Admin Team',5,10,'Singapore','YeeMeng.Chong@allinone.com.sg',160008,2,'$2b$12$agWjFGi0AaStERzrWIncZe7B7Rc3DaBmSNo7QZ7/wa6HAyxyymMyO'),
(160065,'John','Tan','HR Team',5,10,'Singapore','John.Tan@allinone.com.sg',160008,1,'$2b$12$agWjFGi0AaStERzrWIncZe7B7Rc3DaBmSNo7QZ7/wa6HAyxyymMyO'),
(160076,'Jack','Goh','HR Team',5,10,'Singapore','Jack.Goh@allinone.com.sg',160008,1,'$2b$12$agWjFGi0AaStERzrWIncZe7B7Rc3DaBmSNo7QZ7/wa6HAyxyymMyO'),
(160118,'Derek','Chan','HR Team',5,10,'Singapore','Derek.Chan@allinone.com.sg',160008,1,'$2b$12$agWjFGi0AaStERzrWIncZe7B7Rc3DaBmSNo7QZ7/wa6HAyxyymMyO'),
(160135,'Jaclyn','Ong','HR Team',5,10,'Singapore','Jaclyn.Ong@allinone.com.sg',160008,1,'$2b$12$agWjFGi0AaStERzrWIncZe7B7Rc3DaBmSNo7QZ7/wa6HAyxyymMyO'),
(160142,'Benjamin','Teo','HR Team',5,10,'Singapore','Benjamin.Teo@allinone.com.sg',160008,1,'$2b$12$agWjFGi0AaStERzrWIncZe7B7Rc3DaBmSNo7QZ7/wa6HAyxyymMyO'),
(160143,'Lucas','Lee','HR Team',5,10,'Singapore','Lucas.Lee@allinone.com.sg',160008,1,'$2b$12$agWjFGi0AaStERzrWIncZe7B7Rc3DaBmSNo7QZ7/wa6HAyxyymMyO'),
(160145,'Mary','Wong','HR Team',5,10,'Singapore','Mary.Wong@allinone.com.sg',160008,1,'$2b$12$agWjFGi0AaStERzrWIncZe7B7Rc3DaBmSNo7QZ7/wa6HAyxyymMyO'),
(160146,'Oliva','Yong','HR Team',5,10,'Singapore','Oliva.Yong@allinone.com.sg',160008,1,'$2b$12$agWjFGi0AaStERzrWIncZe7B7Rc3DaBmSNo7QZ7/wa6HAyxyymMyO'),
(160148,'Henry','Lim','HR Team',5,10,'Singapore','Henry.Lim@allinone.com.sg',160008,1,'$2b$12$agWjFGi0AaStERzrWIncZe7B7Rc3DaBmSNo7QZ7/wa6HAyxyymMyO'),
(160155,'Alexander','Heng','HR Team',5,10,'Singapore','Alexander.Heng@allinone.com.sg',160008,1,'$2b$12$agWjFGi0AaStERzrWIncZe7B7Rc3DaBmSNo7QZ7/wa6HAyxyymMyO'),
(160188,'Emma','Toh','HR Team',5,10,'Singapore','Emma.Toh@allinone.com.sg',160008,1,'$2b$12$agWjFGi0AaStERzrWIncZe7B7Rc3DaBmSNo7QZ7/wa6HAyxyymMyO'),
(160212,'Charlotte','The','HR Team',5,10,'Singapore','Charlotte.The@allinone.com.sg',160008,1,'$2b$12$agWjFGi0AaStERzrWIncZe7B7Rc3DaBmSNo7QZ7/wa6HAyxyymMyO'),
(160213,'Amelia','Ng','HR Team',5,10,'Singapore','Amelia.Ng@allinone.com.sg',160008,1,'$2b$12$agWjFGi0AaStERzrWIncZe7B7Rc3DaBmSNo7QZ7/wa6HAyxyymMyO'),
(160218,'Eva','Tan','HR Team',5,10,'Singapore','Eva.Tan@allinone.com.sg',160008,1,'$2b$12$agWjFGi0AaStERzrWIncZe7B7Rc3DaBmSNo7QZ7/wa6HAyxyymMyO'),
(160225,'Sophia','Fu','HR Team',5,10,'Singapore','Sophia.Fu@allinone.com.sg',160008,1,'$2b$12$agWjFGi0AaStERzrWIncZe7B7Rc3DaBmSNo7QZ7/wa6HAyxyymMyO'),
(160258,'Michael','Chen','HR Team',5,10,'Singapore','Michael.Chen@allinone.com.sg',160008,1,'$2b$12$agWjFGi0AaStERzrWIncZe7B7Rc3DaBmSNo7QZ7/wa6HAyxyymMyO'),
(160282,'Ethan','Loo','HR Team',5,10,'Singapore','Ethan.Loo@allinone.com.sg',160008,1,'$2b$12$agWjFGi0AaStERzrWIncZe7B7Rc3DaBmSNo7QZ7/wa6HAyxyymMyO'),
(160283,'Somchai','Pong','HR Team',5,10,'Singapore','Somchai.Pong@allinone.com.sg',160008,1,'$2b$12$agWjFGi0AaStERzrWIncZe7B7Rc3DaBmSNo7QZ7/wa6HAyxyymMyO'),
(160284,'Ruth','Khu','HR Team',5,10,'Singapore','Ruth.Khu@allinone.com.sg',160008,1,'$2b$12$agWjFGi0AaStERzrWIncZe7B7Rc3DaBmSNo7QZ7/wa6HAyxyymMyO'),
(160286,'Chin Min','Nguyen','HR Team',5,10,'Singapore','ChinMin@allinone.com.sg',160008,1,'$2b$12$agWjFGi0AaStERzrWIncZe7B7Rc3DaBmSNo7QZ7/wa6HAyxyymMyO'),
(160287,'Yee','Phal','HR Team',5,10,'Singapore','Yee.Phal@allinone.com.sg',160008,1,'$2b$12$agWjFGi0AaStERzrWIncZe7B7Rc3DaBmSNo7QZ7/wa6HAyxyymMyO'),
(160288,'Heng','Seng','HR Team',5,10,'Singapore','Heng.Seng@allinone.com.sg',160008,1,'$2b$12$agWjFGi0AaStERzrWIncZe7B7Rc3DaBmSNo7QZ7/wa6HAyxyymMyO'),
(160289,'Sokunthea','Pheap','HR Team',5,10,'Singapore','Sokunthea.Pheap@allinone.com.sg',160008,1,'$2b$12$agWjFGi0AaStERzrWIncZe7B7Rc3DaBmSNo7QZ7/wa6HAyxyymMyO'),
(160290,'Champa','Harun','HR Team',5,10,'Singapore','Champa.Harun@allinone.com.sg',160008,1,'$2b$12$agWjFGi0AaStERzrWIncZe7B7Rc3DaBmSNo7QZ7/wa6HAyxyymMyO'),
(160291,'Rahim','Kesavan','HR Team',5,10,'Singapore','Rahim.Kesavan@allinone.com.sg',160008,1,'$2b$12$agWjFGi0AaStERzrWIncZe7B7Rc3DaBmSNo7QZ7/wa6HAyxyymMyO'),
(160293,'Hakim','Pillai','HR Team',5,10,'Singapore','Hakim.Pillai@allinone.com.sg',160008,1,'$2b$12$agWjFGi0AaStERzrWIncZe7B7Rc3DaBmSNo7QZ7/wa6HAyxyymMyO'),
(160294,'Trung','Truong','HR Team',5,10,'Singapore','Trung.Truong@allinone.com.sg',160008,1,'$2b$12$agWjFGi0AaStERzrWIncZe7B7Rc3DaBmSNo7QZ7/wa6HAyxyymMyO'),
(160295,'Seng','Kong','HR Team',5,10,'Singapore','Seng.Kong@allinone.com.sg',160008,1,'$2b$12$agWjFGi0AaStERzrWIncZe7B7Rc3DaBmSNo7QZ7/wa6HAyxyymMyO'),
(160296,'Narong','Luong','HR Team',5,10,'Singapore','Narong.Luong@allinone.com.sg',160008,1,'$2b$12$agWjFGi0AaStERzrWIncZe7B7Rc3DaBmSNo7QZ7/wa6HAyxyymMyO'),
(160297,'Phuc','Tan','HR Team',5,10,'Singapore','Phuc.Tan@allinone.com.sg',160008,1,'$2b$12$agWjFGi0AaStERzrWIncZe7B7Rc3DaBmSNo7QZ7/wa6HAyxyymMyO'),
(160298,'Chandara','Wong','HR Team',5,10,'Singapore','Chandara.Wong@allinone.com.sg',160008,1,'$2b$12$agWjFGi0AaStERzrWIncZe7B7Rc3DaBmSNo7QZ7/wa6HAyxyymMyO'),
(160299,'Soma','Ong','HR Team',5,10,'Singapore','Soma.Ong@allinone.com.sg',160008,1,'$2b$12$agWjFGi0AaStERzrWIncZe7B7Rc3DaBmSNo7QZ7/wa6HAyxyymMyO'),
(160300,'Siv','Tan','HR Team',5,10,'Singapore','Siv.Tan@allinone.com.sg',160008,1,'$2b$12$agWjFGi0AaStERzrWIncZe7B7Rc3DaBmSNo7QZ7/wa6HAyxyymMyO'),
(160301,'Vannak','Goh','HR Team',5,10,'Singapore','Vannak.Goh@allinone.com.sg',160008,1,'$2b$12$agWjFGi0AaStERzrWIncZe7B7Rc3DaBmSNo7QZ7/wa6HAyxyymMyO'),
(160303,'Sok','Chan','LD Team',5,10,'Singapore','Sok.Chan@allinone.com.sg',160008,2,'$2b$12$agWjFGi0AaStERzrWIncZe7B7Rc3DaBmSNo7QZ7/wa6HAyxyymMyO'),
(160304,'Siti','Teo','LD Team',5,10,'Singapore','Siti.Teo@allinone.com.sg',160008,2,'$2b$12$agWjFGi0AaStERzrWIncZe7B7Rc3DaBmSNo7QZ7/wa6HAyxyymMyO'),
(160305,'Chanh','Tith','LD Team',5,10,'Singapore','Chanh.Tith@allinone.com.sg',160008,2,'$2b$12$agWjFGi0AaStERzrWIncZe7B7Rc3DaBmSNo7QZ7/wa6HAyxyymMyO'),
(160307,'Priya','Kumar','LD Team',5,10,'Singapore','Priya.Kumar@allinone.com.sg',160008,2,'$2b$12$agWjFGi0AaStERzrWIncZe7B7Rc3DaBmSNo7QZ7/wa6HAyxyymMyO'),
(160308,'Vannah','Kesavan','LD Team',5,10,'Singapore','Vannah.Kesavan@allinone.com.sg',160008,2,'$2b$12$agWjFGi0AaStERzrWIncZe7B7Rc3DaBmSNo7QZ7/wa6HAyxyymMyO'),
(160313,'Srey','Sok','LD Team',5,10,'Singapore','Srey.Sok@allinone.com.sg',160008,2,'$2b$12$agWjFGi0AaStERzrWIncZe7B7Rc3DaBmSNo7QZ7/wa6HAyxyymMyO'),
(160314,'Hlaing','Devi','LD Team',5,10,'Singapore','Hlaing.Devi@allinone.com.sg',160008,2,'$2b$12$agWjFGi0AaStERzrWIncZe7B7Rc3DaBmSNo7QZ7/wa6HAyxyymMyO'),
(160315,'Anh','Seng','Admin Team',5,10,'Singapore','Anh.Seng@allinone.com.sg',160008,2,'$2b$12$agWjFGi0AaStERzrWIncZe7B7Rc3DaBmSNo7QZ7/wa6HAyxyymMyO'),
(160316,'Chin','Saputra','Admin Team',5,10,'Singapore','Chin.Saputra@allinone.com.sg',160008,2,'$2b$12$agWjFGi0AaStERzrWIncZe7B7Rc3DaBmSNo7QZ7/wa6HAyxyymMyO'),
(160317,'Nara','Pillai','Admin Team',5,10,'Singapore','Nara.Pillai@allinone.com.sg',160008,2,'$2b$12$agWjFGi0AaStERzrWIncZe7B7Rc3DaBmSNo7QZ7/wa6HAyxyymMyO'),
(160323,'Chandara','Ling','LD Team',5,10,'Singapore','Chandara.Ling@allinone.com.sg',160008,2,'$2b$12$agWjFGi0AaStERzrWIncZe7B7Rc3DaBmSNo7QZ7/wa6HAyxyymMyO'),
(160324,'Soma','Seng','LD Team',5,10,'Singapore','Soma.Seng@allinone.com.sg',160008,2,'$2b$12$agWjFGi0AaStERzrWIncZe7B7Rc3DaBmSNo7QZ7/wa6HAyxyymMyO'),
(160325,'Siv','Truong','LD Team',5,10,'Singapore','Siv.Truong@allinone.com.sg',160008,2,'$2b$12$agWjFGi0AaStERzrWIncZe7B7Rc3DaBmSNo7QZ7/wa6HAyxyymMyO'),
(160326,'Vannak','Suon','LD Team',5,10,'Singapore','Vannak.Suon@allinone.com.sg',160008,2,'$2b$12$agWjFGi0AaStERzrWIncZe7B7Rc3DaBmSNo7QZ7/wa6HAyxyymMyO'),
(160329,'Kumara','Vo','LD Team',5,10,'Singapore','Kumara.Vo@allinone.com.sg',160008,2,'$2b$12$agWjFGi0AaStERzrWIncZe7B7Rc3DaBmSNo7QZ7/wa6HAyxyymMyO'),
(160330,'Ruth','Chen','LD Team',5,10,'Singapore','Ruth.Chen@allinone.com.sg',160008,2,'$2b$12$agWjFGi0AaStERzrWIncZe7B7Rc3DaBmSNo7QZ7/wa6HAyxyymMyO'),
(160331,'Chinh','Loo','LD Team',5,10,'Singapore','Chinh.Loo@allinone.com.sg',160008,2,'$2b$12$agWjFGi0AaStERzrWIncZe7B7Rc3DaBmSNo7QZ7/wa6HAyxyymMyO'),
(160332,'Yee','Kong','LD Team',5,10,'Singapore','Yee.Kong@allinone.com.sg',160008,2,'$2b$12$agWjFGi0AaStERzrWIncZe7B7Rc3DaBmSNo7QZ7/wa6HAyxyymMyO'),
(160333,'Heng','Khun','LD Team',5,10,'Singapore','Heng.Khun@allinone.com.sg',160008,2,'$2b$12$agWjFGi0AaStERzrWIncZe7B7Rc3DaBmSNo7QZ7/wa6HAyxyymMyO'),
(160334,'Sokunthe','Nguyen','LD Team',5,10,'Singapore','Sokunthe.Nguyen@allinone.com.sg',160008,2,'$2b$12$agWjFGi0AaStERzrWIncZe7B7Rc3DaBmSNo7QZ7/wa6HAyxyymMyO'),
(160336,'Champa','Phal','Admin Team',5,10,'Singapore','Champa.Phal@allinone.com.sg',160008,2,'$2b$12$agWjFGi0AaStERzrWIncZe7B7Rc3DaBmSNo7QZ7/wa6HAyxyymMyO'),
(160337,'Rahim','Seng','Admin Team',5,10,'Singapore','Rahim.Seng@allinone.com.sg',160008,2,'$2b$12$agWjFGi0AaStERzrWIncZe7B7Rc3DaBmSNo7QZ7/wa6HAyxyymMyO'),
(160338,'Hakim','Pheap','Admin Team',5,10,'Singapore','Hakim.Pheap@allinone.com.sg',160008,2,'$2b$12$agWjFGi0AaStERzrWIncZe7B7Rc3DaBmSNo7QZ7/wa6HAyxyymMyO'),
(160339,'Trung','Harun','Admin Team',5,10,'Singapore','Trung.Harun@allinone.com.sg',160008,2,'$2b$12$agWjFGi0AaStERzrWIncZe7B7Rc3DaBmSNo7QZ7/wa6HAyxyymMyO'),
(171009,'Seng','Kesavan','Finance Manager',6,4,'Singapore','Seng.Kesavan@allinone.com.sg',170166,3,'$2b$12$agWjFGi0AaStERzrWIncZe7B7Rc3DaBmSNo7QZ7/wa6HAyxyymMyO'),
(171014,'Narong','Pillai','Finance Manager',6,4,'Singapore','Narong.Pillai@allinone.com.sg',170166,3,'$2b$12$agWjFGi0AaStERzrWIncZe7B7Rc3DaBmSNo7QZ7/wa6HAyxyymMyO'),
(171018,'Ji','Truong','Finance Manager',6,4,'Singapore','Ji.Truong@allinone.com.sg',170166,3,'$2b$12$agWjFGi0AaStERzrWIncZe7B7Rc3DaBmSNo7QZ7/wa6HAyxyymMyO'),
(171029,'Chandra','Kong','Finance Manager',6,4,'Singapore','Chandra.Kong@allinone.com.sg',170166,3,'$2b$12$agWjFGi0AaStERzrWIncZe7B7Rc3DaBmSNo7QZ7/wa6HAyxyymMyO'),
(171043,'Rithy','Luong','Finance Manager',6,4,'Singapore','Rithy.Luong@allinone.com.sg',170166,3,'$2b$12$agWjFGi0AaStERzrWIncZe7B7Rc3DaBmSNo7QZ7/wa6HAyxyymMyO'),
(170208,'Mani','Tan','Finance Executive',6,5,'Singapore','Mani.Tan@allinone.com.sg',171009,2,'$2b$12$agWjFGi0AaStERzrWIncZe7B7Rc3DaBmSNo7QZ7/wa6HAyxyymMyO'),
(170215,'Sokunthea','Wong','Finance Executive',6,5,'Singapore','Sokunthea.Wong@allinone.com.sg',171009,2,'$2b$12$agWjFGi0AaStERzrWIncZe7B7Rc3DaBmSNo7QZ7/wa6HAyxyymMyO'),
(170216,'Mani','Ong','Finance Executive',6,5,'Singapore','Mani.Ong@allinone.com.sg',171009,2,'$2b$12$agWjFGi0AaStERzrWIncZe7B7Rc3DaBmSNo7QZ7/wa6HAyxyymMyO'),
(170232,'Somnang','Tan','Finance Executive',6,5,'Singapore','Somnang.Tan@allinone.com.sg',171009,2,'$2b$12$agWjFGi0AaStERzrWIncZe7B7Rc3DaBmSNo7QZ7/wa6HAyxyymMyO'),
(170233,'Logan','Goh','Finance Executive',6,5,'Singapore','Logan.Goh@allinone.com.sg',171009,2,'$2b$12$agWjFGi0AaStERzrWIncZe7B7Rc3DaBmSNo7QZ7/wa6HAyxyymMyO'),
(170238,'Jackson','Chan','Finance Executive',6,5,'Singapore','Jackson.Chan@allinone.com.sg',171009,2,'$2b$12$agWjFGi0AaStERzrWIncZe7B7Rc3DaBmSNo7QZ7/wa6HAyxyymMyO'),
(170245,'Aiden','Teo','Finance Executive',6,5,'Singapore','Aiden.Teo@allinone.com.sg',171009,2,'$2b$12$agWjFGi0AaStERzrWIncZe7B7Rc3DaBmSNo7QZ7/wa6HAyxyymMyO'),
(170655,'Samuel','Lee','Finance Executive',6,5,'Singapore','Samuel.Lee@allinone.com.sg',171009,2,'$2b$12$agWjFGi0AaStERzrWIncZe7B7Rc3DaBmSNo7QZ7/wa6HAyxyymMyO'),
(170866,'Susan','Lim','Finance Executive',6,5,'Singapore','Susan.Lim@allinone.com.sg',171009,2,'$2b$12$agWjFGi0AaStERzrWIncZe7B7Rc3DaBmSNo7QZ7/wa6HAyxyymMyO'),
(171008,'Janice','Heng','Finance Executive',6,5,'Singapore','Janice.Heng@allinone.com.sg',171009,2,'$2b$12$agWjFGi0AaStERzrWIncZe7B7Rc3DaBmSNo7QZ7/wa6HAyxyymMyO'),
(171010,'Rithy','Saad','Finance Executive',6,6,'Singapore','Rithy.Saad@allinone.com.sg',171014,2,'$2b$12$agWjFGi0AaStERzrWIncZe7B7Rc3DaBmSNo7QZ7/wa6HAyxyymMyO'),
(171011,'Mani','Ly','Finance Executive',6,6,'Singapore','Mani.Ly@allinone.com.sg',171014,2,'$2b$12$agWjFGi0AaStERzrWIncZe7B7Rc3DaBmSNo7QZ7/wa6HAyxyymMyO'),
(171012,'Koh','Truong','Finance Executive',6,6,'Singapore','Koh.Truong@allinone.com.sg',171014,2,'$2b$12$agWjFGi0AaStERzrWIncZe7B7Rc3DaBmSNo7QZ7/wa6HAyxyymMyO'),
(171013,'Arifin','Rahman','Finance Executive',6,6,'Singapore','Arifin.Rahman@allinone.com.sg',171014,2,'$2b$12$agWjFGi0AaStERzrWIncZe7B7Rc3DaBmSNo7QZ7/wa6HAyxyymMyO'),
(171015,'Narong','Kaur','Finance Executive',6,7,'Singapore','Narong.Kaur@allinone.com.sg',171018,2,'$2b$12$agWjFGi0AaStERzrWIncZe7B7Rc3DaBmSNo7QZ7/wa6HAyxyymMyO'),
(171016,'Thi','Chen','Finance Executive',6,7,'Singapore','Thi.Chen@allinone.com.sg',171018,2,'$2b$12$agWjFGi0AaStERzrWIncZe7B7Rc3DaBmSNo7QZ7/wa6HAyxyymMyO'),
(171017,'Vannah','Sok','Finance Executive',6,7,'Singapore','Vannah.Sok@allinone.com.sg',171018,2,'$2b$12$agWjFGi0AaStERzrWIncZe7B7Rc3DaBmSNo7QZ7/wa6HAyxyymMyO'),
(171022,'Srey','Lam','Finance Executive',6,8,'Singapore','Srey.Lam@allinone.com.sg',171029,2,'$2b$12$agWjFGi0AaStERzrWIncZe7B7Rc3DaBmSNo7QZ7/wa6HAyxyymMyO'),
(171023,'Hlaing','Chin','Finance Executive',6,8,'Singapore','Hlaing.Chin@allinone.com.sg',171029,2,'$2b$12$agWjFGi0AaStERzrWIncZe7B7Rc3DaBmSNo7QZ7/wa6HAyxyymMyO'),
(171024,'Anh','Kong','Finance Executive',6,8,'Singapore','Anh.Kong@allinone.com.sg',171029,2,'$2b$12$agWjFGi0AaStERzrWIncZe7B7Rc3DaBmSNo7QZ7/wa6HAyxyymMyO'),
(171026,'Chin','Sok','Finance Executive',6,8,'Singapore','Chin.Sok@allinone.com.sg',171029,2,'$2b$12$agWjFGi0AaStERzrWIncZe7B7Rc3DaBmSNo7QZ7/wa6HAyxyymMyO'),
(171027,'Nara','Devan','Finance Executive',6,8,'Singapore','Nara.Devan@allinone.com.sg',171029,2,'$2b$12$agWjFGi0AaStERzrWIncZe7B7Rc3DaBmSNo7QZ7/wa6HAyxyymMyO'),
(171044,'Chandara','Phan','Finance Executive',6,8,'Singapore','Chandara.Phan@allinone.com.sg',171029,2,'$2b$12$agWjFGi0AaStERzrWIncZe7B7Rc3DaBmSNo7QZ7/wa6HAyxyymMyO'),
(171045,'Soma','Sarawat','Finance Executive',6,8,'Singapore','Soma.Sarawat@allinone.com.sg',171029,2,'$2b$12$agWjFGi0AaStERzrWIncZe7B7Rc3DaBmSNo7QZ7/wa6HAyxyymMyO'),
(171046,'Siv','Tuan','Finance Executive',6,8,'Singapore','Siv.Tuan@allinone.com.sg',171029,2,'$2b$12$agWjFGi0AaStERzrWIncZe7B7Rc3DaBmSNo7QZ7/wa6HAyxyymMyO'),
(171047,'Vannak','Kim','Finance Executive',6,8,'Singapore','Vannak.Kim@allinone.com.sg',171029,2,'$2b$12$agWjFGi0AaStERzrWIncZe7B7Rc3DaBmSNo7QZ7/wa6HAyxyymMyO'),
(171048,'Kumara','Sok','Finance Executive',6,8,'Singapore','Kumara.Sok@allinone.com.sg',171029,2,'$2b$12$agWjFGi0AaStERzrWIncZe7B7Rc3DaBmSNo7QZ7/wa6HAyxyymMyO'),
(171030,'Ruth','Khun','Finance Executive',6,9,'Singapore','Ruth.Khun@allinone.com.sg',171043,2,'$2b$12$agWjFGi0AaStERzrWIncZe7B7Rc3DaBmSNo7QZ7/wa6HAyxyymMyO'),
(171031,'Chinh','Saifullah','Finance Executive',6,9,'Singapore','Chinh.Saifullah@allinone.com.sg',171043,2,'$2b$12$agWjFGi0AaStERzrWIncZe7B7Rc3DaBmSNo7QZ7/wa6HAyxyymMyO'),
(171032,'Yee','Li','Finance Executive',6,9,'Singapore','Yee.Li@allinone.com.sg',171043,2,'$2b$12$agWjFGi0AaStERzrWIncZe7B7Rc3DaBmSNo7QZ7/wa6HAyxyymMyO'),
(171033,'Heng','Prasad','Finance Executive',6,9,'Singapore','Heng.Prasad@allinone.com.sg',171043,2,'$2b$12$agWjFGi0AaStERzrWIncZe7B7Rc3DaBmSNo7QZ7/wa6HAyxyymMyO'),
(171034,'Sokunthe','Seng','Finance Executive',6,9,'Singapore','Sokunthe.Seng@allinone.com.sg',171043,2,'$2b$12$agWjFGi0AaStERzrWIncZe7B7Rc3DaBmSNo7QZ7/wa6HAyxyymMyO'),
(171035,'Champa','Siregar','Finance Executive',6,9,'Singapore','Champa.Siregar@allinone.com.sg',171043,2,'$2b$12$agWjFGi0AaStERzrWIncZe7B7Rc3DaBmSNo7QZ7/wa6HAyxyymMyO'),
(171036,'Rahim','Devi','Finance Executive',6,9,'Singapore','Rahim.Devi@allinone.com.sg',171043,2,'$2b$12$agWjFGi0AaStERzrWIncZe7B7Rc3DaBmSNo7QZ7/wa6HAyxyymMyO'),
(171038,'Hakim','Myat','Finance Executive',6,9,'Singapore','Hakim.Myat@allinone.com.sg',171043,2,'$2b$12$agWjFGi0AaStERzrWIncZe7B7Rc3DaBmSNo7QZ7/wa6HAyxyymMyO'),
(171039,'Trung','Chen','Finance Executive',6,9,'Singapore','Trung.Chen@allinone.com.sg',171043,2,'$2b$12$agWjFGi0AaStERzrWIncZe7B7Rc3DaBmSNo7QZ7/wa6HAyxyymMyO'),
(171041,'Seng','Loo','Finance Executive',6,9,'Singapore','Seng.Loo@allinone.com.sg',171043,2,'$2b$12$agWjFGi0AaStERzrWIncZe7B7Rc3DaBmSNo7QZ7/wa6HAyxyymMyO'),
(171042,'Narong','Kong','Finance Executive',6,9,'Singapore','Narong.Kong@allinone.com.sg',171043,2,'$2b$12$agWjFGi0AaStERzrWIncZe7B7Rc3DaBmSNo7QZ7/wa6HAyxyymMyO'),
(180012,'Ji','Khung','Counsultant',7,2,'Singapore','Ji.Khung@allinone.com.sg',180001,2,'$2b$12$agWjFGi0AaStERzrWIncZe7B7Rc3DaBmSNo7QZ7/wa6HAyxyymMyO'),
(180029,'Chandra','Nguyen','Counsultant',7,2,'Singapore','Chandra.Nguyen@allinone.com.sg',180001,2,'$2b$12$agWjFGi0AaStERzrWIncZe7B7Rc3DaBmSNo7QZ7/wa6HAyxyymMyO'),
(180002,'Rithy','Chong','Counsultant',7,2,'Singapore','Rithy.Chong@allinone.com.sg',180001,2,'$2b$12$agWjFGi0AaStERzrWIncZe7B7Rc3DaBmSNo7QZ7/wa6HAyxyymMyO'),
(180003,'Mani','Phalp','Counsultant',7,2,'Singapore','Mani.Phalp@allinone.com.sg',180001,2,'$2b$12$agWjFGi0AaStERzrWIncZe7B7Rc3DaBmSNo7QZ7/wa6HAyxyymMyO'),
(180004,'Sokunthea','Beng','Counsultant',7,2,'Singapore','Sokunthea.Beng@allinone.com.sg',180001,2,'$2b$12$agWjFGi0AaStERzrWIncZe7B7Rc3DaBmSNo7QZ7/wa6HAyxyymMyO'),
(180005,'Mani','Pheap','Counsultant',7,2,'Singapore','Mani.Pheap@allinone.com.sg',180001,2,'$2b$12$agWjFGi0AaStERzrWIncZe7B7Rc3DaBmSNo7QZ7/wa6HAyxyymMyO'),
(180006,'Somnang','Harun','Counsultant',7,2,'Singapore','Somnang.Harun@allinone.com.sg',180001,2,'$2b$12$agWjFGi0AaStERzrWIncZe7B7Rc3DaBmSNo7QZ7/wa6HAyxyymMyO'),
(180010,'Samsul','Rahman','Counsultant',7,2,'Singapore','Samsul.Rahman@allinone.com.sg',180001,2,'$2b$12$agWjFGi0AaStERzrWIncZe7B7Rc3DaBmSNo7QZ7/wa6HAyxyymMyO'),
(180011,'Bui Lui','Phan','Counsultant',7,2,'Singapore','BuiLui.Phan@allinone.com.sg',180001,2,'$2b$12$agWjFGi0AaStERzrWIncZe7B7Rc3DaBmSNo7QZ7/wa6HAyxyymMyO'),
(180013,'Rahim','Pich','Counsultant',7,2,'Singapore','Rahim.Pich@allinone.com.sg',180001,2,'$2b$12$agWjFGi0AaStERzrWIncZe7B7Rc3DaBmSNo7QZ7/wa6HAyxyymMyO'),
(180014,'Dewi','Hoang','Counsultant',7,2,'Singapore','Dewi.Hoang@allinone.com.sg',180001,2,'$2b$12$agWjFGi0AaStERzrWIncZe7B7Rc3DaBmSNo7QZ7/wa6HAyxyymMyO'),
(180015,'Sokha','Kumar','Counsultant',7,2,'Singapore','Sokha.Kumar@allinone.com.sg',180001,2,'$2b$12$agWjFGi0AaStERzrWIncZe7B7Rc3DaBmSNo7QZ7/wa6HAyxyymMyO'),
(180019,'Tuan','Le','Counsultant',7,2,'Singapore','Tuan.Le@allinone.com.sg',180001,2,'$2b$12$agWjFGi0AaStERzrWIncZe7B7Rc3DaBmSNo7QZ7/wa6HAyxyymMyO'),
(180020,'Bao','Seng','Counsultant',7,2,'Singapore','Bao.Seng@allinone.com.sg',180001,2,'$2b$12$agWjFGi0AaStERzrWIncZe7B7Rc3DaBmSNo7QZ7/wa6HAyxyymMyO'),
(180021,'Amara','Kesavan','Counsultant',7,2,'Singapore','Amara.Kesavan@allinone.com.sg',180001,2,'$2b$12$agWjFGi0AaStERzrWIncZe7B7Rc3DaBmSNo7QZ7/wa6HAyxyymMyO'),
(180022,'Srey','Ahmad','Counsultant',7,2,'Singapore','Srey.Ahmad@allinone.com.sg',180001,2,'$2b$12$agWjFGi0AaStERzrWIncZe7B7Rc3DaBmSNo7QZ7/wa6HAyxyymMyO'),
(180023,'Arifi','Sok','Counsultant',7,2,'Singapore','Arifi.Sok@allinone.com.sg',180001,2,'$2b$12$agWjFGi0AaStERzrWIncZe7B7Rc3DaBmSNo7QZ7/wa6HAyxyymMyO'),
(180025,'Chin','Pham','Counsultant',7,2,'Singapore','Chin.Pham@allinone.com.sg',180001,2,'$2b$12$agWjFGi0AaStERzrWIncZe7B7Rc3DaBmSNo7QZ7/wa6HAyxyymMyO'),
(180026,'Siti','Suon','Counsultant',7,2,'Singapore','Siti.Suon@allinone.com.sg',180001,2,'$2b$12$agWjFGi0AaStERzrWIncZe7B7Rc3DaBmSNo7QZ7/wa6HAyxyymMyO'),
(180027,'Siti','Vo','Counsultant',7,2,'Singapore','Siti.Vo@allinone.com.sg',180001,2,'$2b$12$agWjFGi0AaStERzrWIncZe7B7Rc3DaBmSNo7QZ7/wa6HAyxyymMyO'),
(180030,'Rina','Singh','Counsultant',7,2,'Singapore','Rina.Singh@allinone.com.sg',180001,2,'$2b$12$agWjFGi0AaStERzrWIncZe7B7Rc3DaBmSNo7QZ7/wa6HAyxyymMyO'),
(180032,'Chandara','Yong','Counsultant',7,2,'Singapore','Chandara.Yong@allinone.com.sg',180001,2,'$2b$12$agWjFGi0AaStERzrWIncZe7B7Rc3DaBmSNo7QZ7/wa6HAyxyymMyO'),
(180033,'Heng Meng','Sou','Counsultant',7,2,'Singapore','HengMeng.Sou@allinone.com.sg',180001,2,'$2b$12$agWjFGi0AaStERzrWIncZe7B7Rc3DaBmSNo7QZ7/wa6HAyxyymMyO'),
(180034,'Priya','Lim','Counsultant',7,2,'Singapore','Priya.Lim@allinone.com.sg',180001,2,'$2b$12$agWjFGi0AaStERzrWIncZe7B7Rc3DaBmSNo7QZ7/wa6HAyxyymMyO'),
(180036,'Ngoc','Sun','Counsultant',7,2,'Singapore','Ngoc.Sun@allinone.com.sg',180001,2,'$2b$12$agWjFGi0AaStERzrWIncZe7B7Rc3DaBmSNo7QZ7/wa6HAyxyymMyO'),
(180037,'Manoj','Mao','Counsultant',7,2,'Singapore','Manoj.Mao@allinone.com.sg',180001,2,'$2b$12$agWjFGi0AaStERzrWIncZe7B7Rc3DaBmSNo7QZ7/wa6HAyxyymMyO'),
(180038,'Somi','Seng','Counsultant',7,2,'Singapore','Somi.Seng@allinone.com.sg',180001,2,'$2b$12$agWjFGi0AaStERzrWIncZe7B7Rc3DaBmSNo7QZ7/wa6HAyxyymMyO'),
(190003,'Chin Meng','Heng','Developers',3,18,'Singapore','ChinMeng.Heng@allinone.com.sg',150008,2,'$2b$12$agWjFGi0AaStERzrWIncZe7B7Rc3DaBmSNo7QZ7/wa6HAyxyymMyO'),
(190004,'Sok','Saad','Developers',3,18,'Singapore','Sok.Saad@allinone.com.sg',150008,2,'$2b$12$agWjFGi0AaStERzrWIncZe7B7Rc3DaBmSNo7QZ7/wa6HAyxyymMyO'),
(190005,'Tatkong','Ly','Developers',3,18,'Singapore','Tatkong.Ly@allinone.com.sg',150008,2,'$2b$12$agWjFGi0AaStERzrWIncZe7B7Rc3DaBmSNo7QZ7/wa6HAyxyymMyO'),
(190006,'Sani','Truong','Developers',3,18,'Singapore','Sani.Truong@allinone.com.sg',150008,2,'$2b$12$agWjFGi0AaStERzrWIncZe7B7Rc3DaBmSNo7QZ7/wa6HAyxyymMyO'),
(190008,'Kakim','Rahman','Developers',3,18,'Singapore','Kakim.Rahman@allinone.com.sg',150008,2,'$2b$12$agWjFGi0AaStERzrWIncZe7B7Rc3DaBmSNo7QZ7/wa6HAyxyymMyO'),
(190009,'Siri','Kaur','Developers',3,18,'Singapore','Siri.Kaur@allinone.com.sg',150008,2,'$2b$12$agWjFGi0AaStERzrWIncZe7B7Rc3DaBmSNo7QZ7/wa6HAyxyymMyO'),
(190010,'Rata','Chen','Developers',3,18,'Singapore','Rata.Chen@allinone.com.sg',150008,2,'$2b$12$agWjFGi0AaStERzrWIncZe7B7Rc3DaBmSNo7QZ7/wa6HAyxyymMyO'),
(190014,'Yee Meng','Sok','Developers',3,18,'Singapore','YeeMeng.Sok@allinone.com.sg',150008,2,'$2b$12$agWjFGi0AaStERzrWIncZe7B7Rc3DaBmSNo7QZ7/wa6HAyxyymMyO'),
(190015,'Wai Wai','Lam','Developers',3,18,'Singapore','WaiWai.Lam@allinone.com.sg',150008,2,'$2b$12$agWjFGi0AaStERzrWIncZe7B7Rc3DaBmSNo7QZ7/wa6HAyxyymMyO'),
(190016,'Thin','Chin','Developers',3,18,'Singapore','Thin.Chin@allinone.com.sg',150008,2,'$2b$12$agWjFGi0AaStERzrWIncZe7B7Rc3DaBmSNo7QZ7/wa6HAyxyymMyO'),
(190017,'Nara','Kong','Developers',3,18,'Singapore','Nara.Kong@allinone.com.sg',150008,2,'$2b$12$agWjFGi0AaStERzrWIncZe7B7Rc3DaBmSNo7QZ7/wa6HAyxyymMyO'),
(190018,'Manni','Sok','Developers',3,18,'Singapore','Manni.Sok@allinone.com.sg',150008,2,'$2b$12$agWjFGi0AaStERzrWIncZe7B7Rc3DaBmSNo7QZ7/wa6HAyxyymMyO'),
(190021,'An','Devan','Developers',3,18,'Singapore','An.Devan@allinone.com.sg',150008,2,'$2b$12$agWjFGi0AaStERzrWIncZe7B7Rc3DaBmSNo7QZ7/wa6HAyxyymMyO'),
(190022,'Rithe','Phan','Developers',3,18,'Singapore','Rithe.Phan@allinone.com.sg',150008,2,'$2b$12$agWjFGi0AaStERzrWIncZe7B7Rc3DaBmSNo7QZ7/wa6HAyxyymMyO'),
(190024,'Koh Kok','Sarawat','Developers',3,18,'Singapore','KohKok.Sarawat@allinone.com.sg',150008,2,'$2b$12$agWjFGi0AaStERzrWIncZe7B7Rc3DaBmSNo7QZ7/wa6HAyxyymMyO'),
(190025,'Arifi','Tuan','Developers',3,18,'Singapore','Arifi.Tuan@allinone.com.sg',150008,2,'$2b$12$agWjFGi0AaStERzrWIncZe7B7Rc3DaBmSNo7QZ7/wa6HAyxyymMyO'),
(190026,'Kumar','Kim','Developers',3,18,'Singapore','Kumar.Kim@allinone.com.sg',150008,2,'$2b$12$agWjFGi0AaStERzrWIncZe7B7Rc3DaBmSNo7QZ7/wa6HAyxyymMyO'),
(190027,'Narong','Sok','Developers',3,18,'Singapore','Narong.Sok@allinone.com.sg',150008,2,'$2b$12$agWjFGi0AaStERzrWIncZe7B7Rc3DaBmSNo7QZ7/wa6HAyxyymMyO'),
(190028,'Thin','Khun','Developers',3,18,'Singapore','Thin.Khun@allinone.com.sg',150008,2,'$2b$12$agWjFGi0AaStERzrWIncZe7B7Rc3DaBmSNo7QZ7/wa6HAyxyymMyO'),
(190029,'Vannak','Saifullah','Developers',3,18,'Singapore','Vannak.Saifullah@allinone.com.sg',150008,2,'$2b$12$agWjFGi0AaStERzrWIncZe7B7Rc3DaBmSNo7QZ7/wa6HAyxyymMyO'),
(190030,'Phuon','Li','Developers',3,18,'Singapore','Phuon.Li@allinone.com.sg',150008,2,'$2b$12$agWjFGi0AaStERzrWIncZe7B7Rc3DaBmSNo7QZ7/wa6HAyxyymMyO'),
(190031,'Sri','Prasad','Developers',3,18,'Singapore','Sri.Prasad@allinone.com.sg',150008,2,'$2b$12$agWjFGi0AaStERzrWIncZe7B7Rc3DaBmSNo7QZ7/wa6HAyxyymMyO'),
(190032,'Haing','Seng','Developers',3,18,'Singapore','Haing.Seng@allinone.com.sg',150008,2,'$2b$12$agWjFGi0AaStERzrWIncZe7B7Rc3DaBmSNo7QZ7/wa6HAyxyymMyO'),
(190033,'Chin Chin','Siregar','Developers',3,18,'Singapore','ChinChin.Siregar@allinone.com.sg',150008,2,'$2b$12$agWjFGi0AaStERzrWIncZe7B7Rc3DaBmSNo7QZ7/wa6HAyxyymMyO'),
(190035,'Kumari','Devi','Developers',3,18,'Singapore','Kumari.Devi@allinone.com.sg',150008,2,'$2b$12$agWjFGi0AaStERzrWIncZe7B7Rc3DaBmSNo7QZ7/wa6HAyxyymMyO'),
(190036,'Narong','Myat','Developers',3,18,'Singapore','Narong.Myat@allinone.com.sg',150008,2,'$2b$12$agWjFGi0AaStERzrWIncZe7B7Rc3DaBmSNo7QZ7/wa6HAyxyymMyO'),
(190038,'Heng','Chen','Developers',3,18,'Singapore','Heng.Chen@allinone.com.sg',150008,2,'$2b$12$agWjFGi0AaStERzrWIncZe7B7Rc3DaBmSNo7QZ7/wa6HAyxyymMyO'),
(190040,'Rina','Loo','Developers',3,18,'Singapore','Rina.Loo@allinone.com.sg',150008,2,'$2b$12$agWjFGi0AaStERzrWIncZe7B7Rc3DaBmSNo7QZ7/wa6HAyxyymMyO'),
(190041,'Boun','Kong','Developers',3,18,'Singapore','Boun.Kong@allinone.com.sg',150008,2,'$2b$12$agWjFGi0AaStERzrWIncZe7B7Rc3DaBmSNo7QZ7/wa6HAyxyymMyO'),
(190042,'Aung','Khung','Developers',3,18,'Singapore','Aung.Khung@allinone.com.sg',150008,2,'$2b$12$agWjFGi0AaStERzrWIncZe7B7Rc3DaBmSNo7QZ7/wa6HAyxyymMyO'),
(190043,'Thu','Nguyen','Developers',3,18,'Singapore','Thu.Nguyen@allinone.com.sg',150008,2,'$2b$12$agWjFGi0AaStERzrWIncZe7B7Rc3DaBmSNo7QZ7/wa6HAyxyymMyO'),
(190044,'Rajesh','Chong','Developers',3,18,'Singapore','Rajesh.Chong@allinone.com.sg',150008,2,'$2b$12$agWjFGi0AaStERzrWIncZe7B7Rc3DaBmSNo7QZ7/wa6HAyxyymMyO'),
(190045,'Koh','Phalp','Developers',3,18,'Singapore','Koh.Phalp@allinone.com.sg',150008,2,'$2b$12$agWjFGi0AaStERzrWIncZe7B7Rc3DaBmSNo7QZ7/wa6HAyxyymMyO'),
(190046,'Somchai','Seng','Developers',3,18,'Singapore','Somchai.Seng@allinone.com.sg',150008,2,'$2b$12$agWjFGi0AaStERzrWIncZe7B7Rc3DaBmSNo7QZ7/wa6HAyxyymMyO'),
(190047,'Seng','Pheap','Developers',3,18,'Singapore','Seng.Pheap@allinone.com.sg',150008,2,'$2b$12$agWjFGi0AaStERzrWIncZe7B7Rc3DaBmSNo7QZ7/wa6HAyxyymMyO'),
(190048,'Anh','Harun','Developers',3,18,'Singapore','Anh.Harun@allinone.com.sg',150008,2,'$2b$12$agWjFGi0AaStERzrWIncZe7B7Rc3DaBmSNo7QZ7/wa6HAyxyymMyO'),
(190049,'Ratana','Sulaiman','Developers',3,18,'Singapore','Ratana.Sulaiman@allinone.com.sg',150008,2,'$2b$12$agWjFGi0AaStERzrWIncZe7B7Rc3DaBmSNo7QZ7/wa6HAyxyymMyO'),
(190050,'Bui Lui','Nguyen','Developers',3,18,'Singapore','BuiLui.Nguyen@allinone.com.sg',150008,2,'$2b$12$agWjFGi0AaStERzrWIncZe7B7Rc3DaBmSNo7QZ7/wa6HAyxyymMyO'),
(190051,'Rahim','Saon','Developers',3,18,'Singapore','Rahim.Saon@allinone.com.sg',150008,2,'$2b$12$agWjFGi0AaStERzrWIncZe7B7Rc3DaBmSNo7QZ7/wa6HAyxyymMyO'),
(190052,'Dewi','Savoeun','Developers',3,18,'Singapore','Dewi.Savoeun@allinone.com.sg',150008,2,'$2b$12$agWjFGi0AaStERzrWIncZe7B7Rc3DaBmSNo7QZ7/wa6HAyxyymMyO'),
(190054,'Sokha','Luon','Developers',3,18,'Singapore','Sokha.Luon@allinone.com.sg',150008,2,'$2b$12$agWjFGi0AaStERzrWIncZe7B7Rc3DaBmSNo7QZ7/wa6HAyxyymMyO'),
(190055,'Tuan','Tithe','Developers',3,18,'Singapore','Tuan.Tithe@allinone.com.sg',150008,2,'$2b$12$agWjFGi0AaStERzrWIncZe7B7Rc3DaBmSNo7QZ7/wa6HAyxyymMyO'),
(190056,'Bao','Lu','Developers',3,18,'Singapore','Bao.Lu@allinone.com.sg',150008,2,'$2b$12$agWjFGi0AaStERzrWIncZe7B7Rc3DaBmSNo7QZ7/wa6HAyxyymMyO'),
(190057,'Amara','Singh','Developers',3,18,'Singapore','Amara.Singh@allinone.com.sg',150008,2,'$2b$12$agWjFGi0AaStERzrWIncZe7B7Rc3DaBmSNo7QZ7/wa6HAyxyymMyO'),
(190058,'Srey','Mao','Developers',3,18,'Singapore','Srey.Mao@allinone.com.sg',150008,2,'$2b$12$agWjFGi0AaStERzrWIncZe7B7Rc3DaBmSNo7QZ7/wa6HAyxyymMyO'),
(190064,'Arifi','Sapu','Support Team',3,18,'Singapore','Arifi.Sapu@allinone.com.sg',150008,2,'$2b$12$agWjFGi0AaStERzrWIncZe7B7Rc3DaBmSNo7QZ7/wa6HAyxyymMyO'),
(190091,'Chin','Tran','Support Team',3,18,'Singapore','Chin.Tran@allinone.com.sg',150008,2,'$2b$12$agWjFGi0AaStERzrWIncZe7B7Rc3DaBmSNo7QZ7/wa6HAyxyymMyO'),
(190092,'Siti','Ahmah','Support Team',3,18,'Singapore','Siti.Ahmah@allinone.com.sg',150008,2,'$2b$12$agWjFGi0AaStERzrWIncZe7B7Rc3DaBmSNo7QZ7/wa6HAyxyymMyO'),
(190065,'Siti','Salah','Support Team',3,18,'Malaysia','Siti.Salah@allinone.com.my',150008,2,'$2b$12$agWjFGi0AaStERzrWIncZe7B7Rc3DaBmSNo7QZ7/wa6HAyxyymMyO'),
(190066,'Rina','Siriporn','Support Team',3,18,'Malaysia','Rina.Siriporn@allinone.com.my',150008,2,'$2b$12$agWjFGi0AaStERzrWIncZe7B7Rc3DaBmSNo7QZ7/wa6HAyxyymMyO'),
(190068,'Chandara','Kim','Support Team',3,18,'Malaysia','Chandara.Kim@allinone.com.my',150008,2,'$2b$12$agWjFGi0AaStERzrWIncZe7B7Rc3DaBmSNo7QZ7/wa6HAyxyymMyO'),
(190069,'Heng Meng','Phan','Support Team',3,18,'Indonesia ','HengMeng.Phan@allinone.com.id',150008,2,'$2b$12$agWjFGi0AaStERzrWIncZe7B7Rc3DaBmSNo7QZ7/wa6HAyxyymMyO'),
(190074,'Priya','Maliki','Support Team',3,18,'Indonesia ','Priya.Maliki@allinone.com.id',150008,2,'$2b$12$agWjFGi0AaStERzrWIncZe7B7Rc3DaBmSNo7QZ7/wa6HAyxyymMyO'),
(190075,'Ngoc','Trinh','Support Team',3,18,'Indonesia ','Ngoc.Trinh@allinone.com.id',150008,2,'$2b$12$agWjFGi0AaStERzrWIncZe7B7Rc3DaBmSNo7QZ7/wa6HAyxyymMyO'),
(190076,'Manoj','Kumar','Support Team',3,18,'Indonesia ','Manoj.Kumar@allinone.com.id',150008,2,'$2b$12$agWjFGi0AaStERzrWIncZe7B7Rc3DaBmSNo7QZ7/wa6HAyxyymMyO'),
(190078,'Somi','Somsri','Support Team',3,18,'Vietnam','Somi.Somsri@allinone.com.vn',150008,2,'$2b$12$agWjFGi0AaStERzrWIncZe7B7Rc3DaBmSNo7QZ7/wa6HAyxyymMyO'),
(190079,'Chin','Lim','Support Team',3,18,'Vietnam','Chin.Lim@allinone.com.vn',150008,2,'$2b$12$agWjFGi0AaStERzrWIncZe7B7Rc3DaBmSNo7QZ7/wa6HAyxyymMyO'),
(190080,'Sok','Chay','Support Team',3,18,'Hong Kong','Sok.Chay@allinone.com.hk',150008,2,'$2b$12$agWjFGi0AaStERzrWIncZe7B7Rc3DaBmSNo7QZ7/wa6HAyxyymMyO'),
(190082,'Tatkong','Nguyen','Support Team',3,18,'Hong Kong','Tatkong.Nguyen@allinone.com.hk',150008,2,'$2b$12$agWjFGi0AaStERzrWIncZe7B7Rc3DaBmSNo7QZ7/wa6HAyxyymMyO'),
(190087,'Sani','Perumal','Support Team',3,18,'Hong Kong','Sani.Perumal@allinone.com.hk',150008,2,'$2b$12$agWjFGi0AaStERzrWIncZe7B7Rc3DaBmSNo7QZ7/wa6HAyxyymMyO'),
(190088,'Kakim','Siregar','Support Team',3,18,'Hong Kong','Kakim.Siregar@allinone.com.hk',150008,2,'$2b$12$agWjFGi0AaStERzrWIncZe7B7Rc3DaBmSNo7QZ7/wa6HAyxyymMyO'),
(190089,'Siri','Chaiyaporn','Support Team',3,18,'Hong Kong','Siri.Chaiyaporn@allinone.com.hk',150008,2,'$2b$12$agWjFGi0AaStERzrWIncZe7B7Rc3DaBmSNo7QZ7/wa6HAyxyymMyO'),
(190094,'Rata','Keo','Support Team',3,18,'Singapore','Rata.Keo@allinone.com.sg',150008,2,'$2b$12$agWjFGi0AaStERzrWIncZe7B7Rc3DaBmSNo7QZ7/wa6HAyxyymMyO'),
(190095,'Yee Meng','Lim','Support Team',3,18,'Singapore','YeeMeng.Lim@allinone.com.sg',150008,2,'$2b$12$agWjFGi0AaStERzrWIncZe7B7Rc3DaBmSNo7QZ7/wa6HAyxyymMyO'),
(190096,'Wai Wai','Yong','Support Team',3,18,'Singapore','WaiWai.Yong@allinone.com.sg',150008,2,'$2b$12$agWjFGi0AaStERzrWIncZe7B7Rc3DaBmSNo7QZ7/wa6HAyxyymMyO'),
(190097,'Thin','Pham','Support Team',3,18,'Singapore','Thin.Pham@allinone.com.sg',150008,2,'$2b$12$agWjFGi0AaStERzrWIncZe7B7Rc3DaBmSNo7QZ7/wa6HAyxyymMyO'),
(190098,'Nara','Sook','Support Team',3,18,'Singapore','Nara.Sook@allinone.com.sg',150008,2,'$2b$12$agWjFGi0AaStERzrWIncZe7B7Rc3DaBmSNo7QZ7/wa6HAyxyymMyO'),
(210018,'Manni','Devi','IT Team',8,11,'Singapore','Manni.Devi@allinone.com.sg',210001,2,'$2b$12$agWjFGi0AaStERzrWIncZe7B7Rc3DaBmSNo7QZ7/wa6HAyxyymMyO'),
(210028,'An','Vo','IT Team',8,11,'Singapore','An.Vo@allinone.com.sg',210001,2,'$2b$12$agWjFGi0AaStERzrWIncZe7B7Rc3DaBmSNo7QZ7/wa6HAyxyymMyO'),
(210017,'Rithe','Sok','IT Team',8,11,'Singapore','Rithe.Sok@allinone.com.sg',210001,2,'$2b$12$agWjFGi0AaStERzrWIncZe7B7Rc3DaBmSNo7QZ7/wa6HAyxyymMyO'),
(210019,'Koh Kok','Seng','IT Team',8,11,'Singapore','KohKok.Seng@allinone.com.sg',210001,2,'$2b$12$agWjFGi0AaStERzrWIncZe7B7Rc3DaBmSNo7QZ7/wa6HAyxyymMyO'),
(210020,'Arifi','Saputra','IT Team',8,11,'Singapore','Arifi.Saputra@allinone.com.sg',210001,2,'$2b$12$agWjFGi0AaStERzrWIncZe7B7Rc3DaBmSNo7QZ7/wa6HAyxyymMyO'),
(210021,'Kumar','Pillai','IT Team',8,11,'Singapore','Kumar.Pillai@allinone.com.sg',210001,2,'$2b$12$agWjFGi0AaStERzrWIncZe7B7Rc3DaBmSNo7QZ7/wa6HAyxyymMyO'),
(210022,'Narong','Phua','IT Team',8,11,'Singapore','Narong.Phua@allinone.com.sg',210001,2,'$2b$12$agWjFGi0AaStERzrWIncZe7B7Rc3DaBmSNo7QZ7/wa6HAyxyymMyO'),
(210023,'Thin','Ling','IT Team',8,11,'Singapore','Thin.Ling@allinone.com.sg',210001,2,'$2b$12$agWjFGi0AaStERzrWIncZe7B7Rc3DaBmSNo7QZ7/wa6HAyxyymMyO'),
(210024,'Vannak','Teng','IT Team',8,11,'Singapore','Vannak.Teng@allinone.com.sg',210001,2,'$2b$12$agWjFGi0AaStERzrWIncZe7B7Rc3DaBmSNo7QZ7/wa6HAyxyymMyO'),
(210025,'Phuon','Truong','IT Team',8,11,'Singapore','Phuon.Truong@allinone.com.sg',210001,2,'$2b$12$agWjFGi0AaStERzrWIncZe7B7Rc3DaBmSNo7QZ7/wa6HAyxyymMyO'),
(210026,'Sri','Suon','IT Team',8,11,'Singapore','Sri.Suon@allinone.com.sg',210001,2,'$2b$12$agWjFGi0AaStERzrWIncZe7B7Rc3DaBmSNo7QZ7/wa6HAyxyymMyO'),
(210027,'Haing','Myat','IT Team',8,11,'Singapore','Haing.Myat@allinone.com.sg',210001,2,'$2b$12$agWjFGi0AaStERzrWIncZe7B7Rc3DaBmSNo7QZ7/wa6HAyxyymMyO'),
(210029,'Chin Chin','Chen','IT Team',8,11,'Singapore','ChinChin.Chen@allinone.com.sg',210001,2,'$2b$12$agWjFGi0AaStERzrWIncZe7B7Rc3DaBmSNo7QZ7/wa6HAyxyymMyO'),
(210030,'Narah','Loo','IT Team',8,11,'Singapore','Narah.Loo@allinone.com.sg',210001,2,'$2b$12$agWjFGi0AaStERzrWIncZe7B7Rc3DaBmSNo7QZ7/wa6HAyxyymMyO'),
(210031,'Somachai','Kong','IT Team',8,11,'Singapore','Somachai.Kong@allinone.com.sg',210001,2,'$2b$12$agWjFGi0AaStERzrWIncZe7B7Rc3DaBmSNo7QZ7/wa6HAyxyymMyO'),
(210032,'Rath','Khung','IT Team',8,11,'Singapore','Rath.Khung@allinone.com.sg',210001,2,'$2b$12$agWjFGi0AaStERzrWIncZe7B7Rc3DaBmSNo7QZ7/wa6HAyxyymMyO'),
(210033,'Chin','Nguyen','IT Team',8,11,'Singapore','Chin.Nguyen@allinone.com.sg',210001,2,'$2b$12$agWjFGi0AaStERzrWIncZe7B7Rc3DaBmSNo7QZ7/wa6HAyxyymMyO'),
(210034,'Yee Seng','Chong','IT Team',8,11,'Singapore','YeeSeng.Chong@allinone.com.sg',210001,2,'$2b$12$agWjFGi0AaStERzrWIncZe7B7Rc3DaBmSNo7QZ7/wa6HAyxyymMyO'),
(210035,'Heng','Phalp','IT Team',8,11,'Singapore','Heng.Phalp@allinone.com.sg',210001,2,'$2b$12$agWjFGi0AaStERzrWIncZe7B7Rc3DaBmSNo7QZ7/wa6HAyxyymMyO'),
(210036,'Sokuntheap','Seng','IT Team',8,11,'Singapore','Sokuntheap.Seng@allinone.com.sg',210001,2,'$2b$12$agWjFGi0AaStERzrWIncZe7B7Rc3DaBmSNo7QZ7/wa6HAyxyymMyO'),
(210037,'Champan','Pheap','IT Team',8,11,'Singapore','Champan.Pheap@allinone.com.sg',210001,2,'$2b$12$agWjFGi0AaStERzrWIncZe7B7Rc3DaBmSNo7QZ7/wa6HAyxyymMyO'),
(210038,'Kahim','Harun','IT Team',8,11,'Singapore','Kahim.Harun@allinone.com.sg',210001,2,'$2b$12$agWjFGi0AaStERzrWIncZe7B7Rc3DaBmSNo7QZ7/wa6HAyxyymMyO'),
(210039,'Halim','Sulaiman','IT Team',8,11,'Singapore','Halim.Sulaiman@allinone.com.sg',210001,2,'$2b$12$agWjFGi0AaStERzrWIncZe7B7Rc3DaBmSNo7QZ7/wa6HAyxyymMyO'),
(210040,'Trong','Nguyen','IT Team',8,11,'Singapore','Trong.Nguyen@allinone.com.sg',210001,2,'$2b$12$agWjFGi0AaStERzrWIncZe7B7Rc3DaBmSNo7QZ7/wa6HAyxyymMyO'),
(210041,'Seng','Saon','IT Team',8,11,'Singapore','Seng.Saon@allinone.com.sg',210001,2,'$2b$12$agWjFGi0AaStERzrWIncZe7B7Rc3DaBmSNo7QZ7/wa6HAyxyymMyO'),
(210042,'Naron','Savoeun','IT Team',8,11,'Singapore','Naron.Savoeun@allinone.com.sg',210001,2,'$2b$12$agWjFGi0AaStERzrWIncZe7B7Rc3DaBmSNo7QZ7/wa6HAyxyymMyO'),
(210043,'Phuc','Luon','IT Team',8,11,'Singapore','Phuc.Luon@allinone.com.sg',210001,2,'$2b$12$agWjFGi0AaStERzrWIncZe7B7Rc3DaBmSNo7QZ7/wa6HAyxyymMyO'),
(210044,'Chandara','Tithe','IT Team',8,11,'Singapore','tithe.chandra@allinone.com.sg',210001,2,'$2b$12$agWjFGi0AaStERzrWIncZe7B7Rc3DaBmSNo7QZ7/wa6HAyxyymMyO');

UPDATE "departments" SET director_id = 130002 WHERE department_id = 1;
UPDATE "departments" SET director_id = 140001 WHERE department_id = 2;
UPDATE "departments" SET director_id = 150008 WHERE department_id = 3;
UPDATE "departments" SET director_id = 151408 WHERE department_id = 4;
UPDATE "departments" SET director_id = 160008 WHERE department_id = 5;
UPDATE "departments" SET director_id = 170166 WHERE department_id = 6;
UPDATE "departments" SET director_id = 180001 WHERE department_id = 7;
UPDATE "departments" SET director_id = 210001 WHERE department_id = 8;

UPDATE "teams" SET manager_id = 130002 WHERE team_id = 1;  -- Update the CEO's team manager
UPDATE "teams" SET manager_id = 180001 WHERE team_id = 2;  -- Update the Consultants team manager
UPDATE "teams" SET manager_id = 151408 WHERE team_id = 3;  -- Update the Engineering team manager
UPDATE "teams" SET manager_id = 170166 WHERE team_id = 4;  -- Update the Finance Managers team manager
UPDATE "teams" SET manager_id = 171009 WHERE team_id = 5;  -- Update the Finance Executives team manager
UPDATE "teams" SET manager_id = 171014 WHERE team_id = 6;  -- Update the Finance Executives team manager
UPDATE "teams" SET manager_id = 171018 WHERE team_id = 7;  -- Update the Finance Executives team manager
UPDATE "teams" SET manager_id = 171029 WHERE team_id = 8;  -- Update the Finance Executives team manager
UPDATE "teams" SET manager_id = 171043 WHERE team_id = 9;  -- Update the Finance Executives team manager
UPDATE "teams" SET manager_id = 160008 WHERE team_id = 10;  -- Update the HR Team team manager
UPDATE "teams" SET manager_id = 210001 WHERE team_id = 11;  -- Update the IT Team team manager
UPDATE "teams" SET manager_id = 140001 WHERE team_id = 12;  -- Update the Sales Managers team manager
UPDATE "teams" SET manager_id = 140008 WHERE team_id = 13;  -- Update the Account Managers team manager
UPDATE "teams" SET manager_id = 140103 WHERE team_id = 14;  -- Update the Account Managers team manager
UPDATE "teams" SET manager_id = 140879 WHERE team_id = 15;  -- Update the Account Managers team manager
UPDATE "teams" SET manager_id = 140894 WHERE team_id = 16;  -- Update the Account Managers team manager
UPDATE "teams" SET manager_id = 140944 WHERE team_id = 17;  -- Update the Account Managers team manager
UPDATE "teams" SET manager_id = 150008 WHERE team_id = 18;  -- Update the Solutioning Managers team manager